rosbagTimestamp,x,y,z
1540580412196697423,-3.18971419334,4.95764970779,-59.3690261841
1540580412241387389,-3.18971419334,4.95764970779,-59.3690261841
1540580412282386638,-3.18954730034,4.95796918869,-59.3629379272
1540580412327319224,-3.18954730034,4.95796918869,-59.3629379272
1540580412368516268,-3.1841146946,4.96096420288,-59.3784255981
1540580412409247655,-3.18759441376,4.96702861786,-59.3787460327
1540580412454653741,-3.18776202202,4.9667096138,-59.3848304749
1540580412495181453,-3.17692732811,4.95767068863,-59.1521720886
1540580412536419359,-3.06296801567,4.88744688034,-58.2889289856
1540580412582306710,-3.01617670059,4.86629056931,-57.9571723938
1540580412622415523,-3.0271859169,4.87603330612,-58.0551605225
1540580412668225602,-3.04840111732,4.88801240921,-58.1692886353
1540580412708973915,-3.04953050613,4.88743019104,-58.1944923401
1540580412749209412,-3.04758000374,4.88876438141,-58.1474990845
1540580412794310592,-3.04662108421,4.88903808594,-58.1284332275
1540580412835179292,-3.04662108421,4.88903808594,-58.1284332275
1540580412876468208,-3.04840111732,4.88801240921,-58.1692886353
1540580412921371188,-3.05311727524,4.89322185516,-58.2009124756
1540580412962348020,-3.05133605003,4.89425039291,-58.1600723267
1540580413003373745,-3.05181598663,4.89411306381,-58.1696014404
1540580413049624301,-3.05246686935,4.89366769791,-58.1852607727
1540580413089335848,-3.05246686935,4.89366769791,-58.1852607727
1540580413130831236,-3.05246686935,4.89366769791,-58.1852607727
1540580413175161481,-3.05229568481,4.89397573471,-58.1791381836
1540580413216688820,-3.05246686935,4.89366769791,-58.1852607727
1540580413261491461,-3.05246686935,4.89366769791,-58.1852607727
1540580413302431510,-3.05294656754,4.89353084564,-58.1947937012
1540580413343292799,-3.05294656754,4.89353084564,-58.1947937012
1540580413388284825,-3.05636310577,4.89963006973,-58.195110321
1540580413429252899,-3.0565340519,4.89932203293,-58.2012290955
1540580413474294659,-3.0565340519,4.89932203293,-58.2012290955
1540580413515269296,-3.0565340519,4.89932203293,-58.2012290955
1540580413557224129,-3.05684351921,4.89949226379,-58.2046432495
1540580413601252428,-3.05701446533,4.89918422699,-58.2107696533
1540580413642516327,-3.05701446533,4.89918422699,-58.2107696533
1540580413683045988,-3.05701446533,4.89918422699,-58.2107696533
1540580413728393605,-3.05701446533,4.89918422699,-58.2107696533
1540580413773992670,-3.05701446533,4.89918422699,-58.2107696533
1540580413815057823,-3.05701446533,4.89918422699,-58.2107696533
1540580413856133690,-3.05701446533,4.89918422699,-58.2107696533
1540580413897047256,-3.05701446533,4.89918422699,-58.2107696533
1540580413941152115,-3.06221699715,4.90425252914,-58.2519378662
1540580413982128876,-3.06221699715,4.90425252914,-58.2519378662
1540580414023515443,-3.05349946022,4.90080690384,-58.2732391357
1540580414068096678,-3.0761320591,4.91135692596,-58.5628890991
1540580414109098938,-3.11493492126,4.93721961975,-58.8414382935
1540580414150181384,-3.08641052246,4.9217543602,-58.6391220093
1540580414195141435,-3.03807640076,4.88564920425,-58.2912254333
1540580414239961501,-3.08467674255,4.90643787384,-58.6195793152
1540580414281739174,-3.09847855568,4.92241716385,-58.8403320312
1540580414326032197,-3.09982943535,4.91380929947,-58.8088722229
1540580414367182866,-3.07898592949,4.91018867493,-58.4847640991
1540580414408251922,-3.02526211739,4.8769569397,-58.1523666382
1540580414453317327,-3.04146170616,4.8835401535,-58.2314605713
1540580414494210028,-3.04501461983,4.88148832321,-58.3131752014
1540580414535127596,-3.04501461983,4.88148832321,-58.3131752014
1540580414585982078,-3.04306793213,4.88282203674,-58.2661972046
1540580414621821141,-3.04323840141,4.88251495361,-58.272315979
1540580414662704226,-3.04518461227,4.88118076324,-58.3192901611
1540580414707254126,-3.0670876503,4.90128898621,-58.364982605
1540580414748419840,-3.09042143822,4.9119849205,-58.3880348206
1540580414789019774,-3.09042143822,4.9119849205,-58.3880348206
1540580414836189389,-3.09042143822,4.9119849205,-58.3880348206
1540580414874992841,-3.09042143822,4.9119849205,-58.3880348206
1540580414919933923,-3.08478736877,4.91525888443,-58.397403717
1540580414961001346,-3.10681533813,4.92616128922,-58.6714134216
1540580415002906564,-3.15492105484,4.95437717438,-58.9470252991
1540580415047589493,-3.13393950462,4.94303846359,-58.6982154846
1540580415088520005,-3.08438777924,4.90769433975,-58.325088501
1540580415129073433,-3.08129692078,4.90963459015,-58.2529067993
1540580415174041821,-3.08674502373,4.91390514374,-58.4443817139
1540580415214832203,-3.14143109322,4.95451641083,-58.852596283
1540580415260593141,-3.15390896797,4.96313905716,-58.9819412231
1540580415300799528,-3.15575146675,4.96231031418,-58.8847160339
1540580415342021508,-3.15460777283,4.96292114258,-58.8594970703
1540580415386810347,-3.15623879433,4.9621629715,-58.8942718506
1540580415428525035,-3.15738248825,4.96155166626,-58.9194755554
1540580415470426620,-3.15738248825,4.96155166626,-58.9194755554
1540580415514884131,-3.15755200386,4.96123456955,-58.9255867004
1540580415555779891,-3.15755200386,4.96123456955,-58.9255867004
1540580415600398079,-3.15755200386,4.96123456955,-58.9255867004
1540580415640802588,-3.15857005119,4.96118974686,-58.8065948486
1540580415682012892,-3.12075734138,4.935338974,-58.4090309143
1540580415727540661,-3.10175132751,4.93016624451,-58.2699813843
1540580415767800998,-3.10289025307,4.92957210541,-58.2951850891
1540580415809260367,-3.10337400436,4.92943048477,-58.3047180176
1540580415853959382,-3.10468411446,4.92852449417,-58.3360443115
1540580415895507053,-3.10485482216,4.92821311951,-58.3421669006
1540580415939871245,-3.10485482216,4.92821311951,-58.3421669006
1540580415981077518,-3.10550951958,4.92775964737,-58.3578262329
1540580416022041013,-3.10371637344,4.92880773544,-58.3169555664
1540580416066863882,-3.10762381554,4.93476200104,-58.3268165588
1540580416107789361,-3.10941886902,4.93371248245,-58.3676795959
1540580416148706409,-3.10941886902,4.93371248245,-58.3676795959
1540580416193744416,-3.13017702103,4.94547843933,-58.6103782654
1540580416234845762,-3.18406534195,4.97850942612,-58.9367408752
1540580416275828066,-3.17911314964,4.98133659363,-58.9617958069
1540580416320888003,-3.18225836754,4.97959375381,-58.8958854675
1540580416361630700,-3.18159937859,4.98006105423,-58.8802185059
1540580416407112340,-3.18406534195,4.97850942612,-58.9367408752
1540580416448070823,-3.18423485756,4.97819042206,-58.9428520203
1540580416488635496,-3.18357658386,4.97865819931,-58.927192688
1540580416533606490,-3.18291711807,4.97912597656,-58.9115409851
1540580416574602129,-3.18357658386,4.97865819931,-58.927192688
1540580416615564600,-3.17994189262,4.98055028915,-58.983543396
1540580416661052508,-3.17945313454,4.98070001602,-58.9739952087
1540580416701530914,-3.17945313454,4.98070001602,-58.9739952087
1540580416746628455,-3.17945313454,4.98070001602,-58.9739952087
1540580416787968251,-3.17945313454,4.98070001602,-58.9739952087
1540580416832849909,-3.17945313454,4.98070001602,-58.9739952087
1540580416873883136,-3.17945313454,4.98070001602,-58.9739952087
1540580416918814196,-3.17945313454,4.98070001602,-58.9739952087
1540580416959521757,-3.17945313454,4.98070001602,-58.9739952087
1540580417000621069,-3.17945313454,4.98070001602,-58.9739952087
1540580417045804984,-3.18472409248,4.97804117203,-58.9524116516
1540580417086622061,-3.19410824776,4.98863554001,-59.0095672607
1540580417127674161,-3.19542694092,4.98769521713,-59.0408935547
1540580417172783662,-3.16807103157,4.97123098373,-59.0079574585
1540580417213689745,-3.13119673729,4.96001386642,-58.899230957
1540580417258733706,-3.13168287277,4.95986938477,-58.9087791443
1540580417299634035,-3.13348174095,4.95880222321,-58.9496536255
1540580417346654543,-3.13697838783,4.96510362625,-58.8118743896
1540580417386052313,-3.09352183342,4.94245481491,-58.4236869812
1540580417426720052,-3.07541203499,4.92878293991,-58.2436447144
1540580417467642062,-3.0735347271,4.92966938019,-58.3408546448
1540580417512595301,-3.07467293739,4.92908096313,-58.3660583496
1540580417553595132,-3.08096122742,4.92535734177,-58.3723526001
1540580417600038161,-3.05180478096,4.91059398651,-58.0101966858
1540580417640001426,-2.91735672951,4.85066986084,-57.2098236084
1540580417680810618,-2.9000222683,4.836414814,-57.0393943787
1540580417725877730,-2.94022512436,4.86222982407,-57.2205848694
1540580417766512716,-2.95701313019,4.86857652664,-57.3153533936
1540580417807612862,-2.95701313019,4.86857652664,-57.3153533936
1540580417852415227,-2.95233535767,4.86361122131,-57.1395454407
1540580417893459069,-2.87482237816,4.82757377625,-56.5306396484
1540580417934409471,-2.84617471695,4.81152534485,-56.3127708435
1540580417979697856,-2.88124990463,4.83217525482,-56.4589424133
1540580418020615538,-2.88764667511,4.83655738831,-56.5314025879
1540580418065509999,-2.8903222084,4.84312009811,-56.5160369873
1540580418106485751,-2.8934173584,4.84158086777,-56.4440345764
1540580418147553354,-2.88944530487,4.83584213257,-56.4280738831
1540580418192518251,-2.89146399498,4.84282064438,-56.3970298767
1540580418233525348,-2.83715486526,4.8093419075,-55.8831329346
1540580418274412049,-2.73585629463,4.76883935928,-55.2889328003
1540580418319552983,-2.70047140121,4.74067974091,-55.0519752502
1540580418360501725,-2.76715326309,4.76777791977,-55.5846862793
1540580418401387141,-2.82602334023,4.80692720413,-55.9921760559
1540580418446598444,-2.8370950222,4.80917835236,-56.0272827148
1540580418487520943,-2.81096363068,4.79162788391,-55.8659439087
1540580418532564072,-2.80837702751,4.79322195053,-55.8032531738
1540580418573667857,-2.80542016029,4.79450893402,-55.8814315796
1540580418614363001,-2.80912089348,4.79240560532,-55.9692726135
1540580418659474852,-2.80865287781,4.79251670837,-55.9597854614
1540580418700490475,-2.80559921265,4.79422092438,-55.8876266479
1540580418741197749,-2.80671405792,4.79371261597,-55.9127807617
1540580418786528248,-2.80800676346,4.79291534424,-55.9441108704
1540580418827345754,-2.80800676346,4.79291534424,-55.9441108704
1540580418868405982,-2.80736064911,4.79331445694,-55.9284477234
1540580418913901284,-2.8060669899,4.79411077499,-55.8971061707
1540580418956656679,-2.8060669899,4.79411077499,-55.8971061707
1540580418999509760,-2.8123114109,4.79899358749,-55.8192138672
1540580419040429373,-2.75235533714,4.77557754517,-55.5278396606
1540580419081543987,-2.79927945137,4.80594301224,-55.8031845093
1540580419126550353,-2.80775952339,4.8089299202,-55.9288482666
1540580419167377454,-2.86640810966,4.83194208145,-56.4801292419
1540580419208370183,-2.97258639336,4.87689590454,-57.0876502991
1540580419253323112,-2.96922945976,4.87076330185,-57.087348938
1540580419298966365,-2.99783396721,4.88584709167,-57.4460983276
1540580419339296505,-3.18201804161,4.96440315247,-58.6287841797
1540580419384666012,-3.37089896202,5.02976131439,-59.9506034851
1540580419425769170,-3.5335085392,5.1009221077,-60.9930038452
1540580419466395829,-3.561825037,5.11588430405,-61.1737289429
1540580419511333229,-3.49026107788,5.08641862869,-60.8272705078
1540580419556394979,-3.47295069695,5.08054018021,-60.7350654602
1540580419593218602,-3.47172307968,5.07312393188,-60.7851982117
1540580419639259603,-3.47014832497,5.07337713242,-60.8884925842
1540580419679942761,-3.46476721764,5.06857633591,-60.8472709656
1540580419720630490,-3.44325828552,5.05717372894,-60.7390861511
1540580419765328582,-3.44375705719,5.05699729919,-60.7486839294
1540580419806116736,-3.44507575035,5.05596828461,-60.7799682617
1540580419854589847,-3.44019150734,5.05881881714,-60.8050460815
1540580419892612130,-3.44375705719,5.05699729919,-60.7486839294
1540580419933499621,-3.43954539299,5.05148983002,-60.7327003479
1540580419978363816,-3.44086241722,5.05046224594,-60.7639846802
1540580420019862995,-3.44136071205,5.05028533936,-60.7735862732
1540580420060192065,-3.44086241722,5.05046224594,-60.7639846802
1540580420105452027,-3.44070243835,5.05079889297,-60.7579460144
1540580420146290967,-3.44070243835,5.05079889297,-60.7579460144
1540580420188356274,-3.44020390511,5.0509762764,-60.7483482361
1540580420232473881,-3.43772864342,5.05269289017,-60.691822052
1540580420273123467,-3.36496543884,5.00813484192,-60.0591468811
1540580420318968516,-3.2708542347,4.98346567154,-59.5365867615
1540580420364507411,-3.24579930305,4.97419118881,-59.3406524658
1540580420400038355,-3.26310658455,4.98013544083,-59.4388580322
1540580420446099951,-3.27742600441,4.97983074188,-59.5463180542
1540580420486293324,-3.27382159233,4.98208475113,-59.4645729065
1540580420527751181,-3.27875900269,4.97925615311,-59.4395141602
1540580420572191434,-3.27810287476,4.97974014282,-59.423866272
1540580420613122214,-3.27513360977,4.98111820221,-59.495880127
1540580420658089377,-3.27431225777,4.98192548752,-59.4741439819
1540580420699175076,-3.27382159233,4.98208475113,-59.4645729065
1540580420740259528,-3.27250862122,4.98305034637,-59.433265686
1540580420785153839,-3.27382159233,4.98208475113,-59.4645729065
1540580420826218173,-3.27382159233,4.98208475113,-59.4645729065
1540580420867791812,-3.26588916779,4.97869539261,-59.4988708496
1540580420912358719,-3.31318378448,5.00640106201,-59.8874359131
1540580420953598290,-3.371737957,5.03579616547,-60.3052520752
1540580420998372655,-3.41610813141,5.05672121048,-60.8291320801
1540580421039544208,-3.51348924637,5.10215616226,-61.5699577332
1540580421079915447,-3.65967178345,5.13990974426,-62.7405319214
1540580421125324357,-3.89119553566,5.21062135696,-64.4715576172
1540580421166656960,-4.34881019592,5.32310438156,-67.3744506836
1540580421207103752,-4.60843992233,5.37304019928,-68.9609146118
1540580421252102300,-4.78317785263,5.40471982956,-70.0824813843
1540580421293241786,-4.9311542511,5.42837715149,-71.1153717041
1540580421333955511,-5.06880950928,5.47710800171,-71.9763183594
1540580421378952579,-5.13833189011,5.49167299271,-72.3868865967
1540580421420073503,-5.16947603226,5.50369262695,-72.4476928711
1540580421465053583,-5.09764003754,5.48121452332,-72.0830078125
1540580421506157482,-4.89697980881,5.45449781418,-70.8794250488
1540580421546833988,-4.58773231506,5.39406490326,-69.1726455688
1540580421592001749,-4.43113183975,5.35491371155,-68.217124939
1540580421633209503,-4.49327278137,5.36090183258,-68.5486984253
1540580421673922664,-4.56307601929,5.38724803925,-68.9048614502
1540580421718914958,-4.59912538528,5.40362882614,-69.1230392456
1540580421764036416,-4.60781574249,5.40601158142,-69.1040649414
1540580421805530081,-4.59741544724,5.40496206284,-69.0880050659
1540580421850075482,-4.66683959961,5.43139362335,-69.4287414551
1540580421891024749,-4.72741317749,5.45452880859,-69.7902603149
1540580421931756953,-4.74582576752,5.4581155777,-69.8865814209
1540580421977174200,-4.74528837204,5.45843505859,-69.8768157959
1540580422018316910,-4.74582576752,5.4581155777,-69.8865814209
1540580422058906220,-4.75038433075,5.45517539978,-69.8614120483
1540580422104280651,-4.76773834229,5.46770238876,-69.9735794067
1540580422144980334,-4.77064180374,5.4652299881,-70.0338897705
1540580422190129603,-4.77182292938,5.46415376663,-70.0591659546
1540580422231722574,-4.74872541428,5.45565509796,-69.9468994141
1540580422272699698,-4.70735120773,5.44307470322,-69.7440643311
1540580422317247451,-4.68886852264,5.4315071106,-69.6066436768
1540580422358027703,-4.71700811386,5.44521713257,-69.7388534546
1540580422398781080,-4.7164721489,5.44553470612,-69.7290878296
1540580422444570430,-4.72050094604,5.44291305542,-69.694152832
1540580422484804981,-4.71637535095,5.43761777878,-69.6879806519
1540580422526195519,-4.71583986282,5.43793535233,-69.6782150269
1540580422570894362,-4.71583986282,5.43793535233,-69.6782150269
1540580422612509768,-4.71530389786,5.43825244904,-69.6684494019
1540580422657259926,-4.71804857254,5.43711805344,-69.6024932861
1540580422698582718,-4.70996141434,5.43488454819,-69.5164794922
1540580422738788896,-4.70889043808,5.43551683426,-69.4969558716
1540580422784305684,-4.7129278183,5.43290090561,-69.462020874
1540580422825415032,-4.71045637131,5.4354391098,-69.4057159424
1540580422865588849,-4.70580863953,5.43044710159,-69.3897781372
1540580422911146470,-4.72193479538,5.43580913544,-69.4412918091
1540580422952390187,-4.73234033585,5.43680810928,-69.4573364258
1540580422993595755,-4.72997713089,5.43892908096,-69.406791687
1540580423037778484,-4.76851081848,5.45362663269,-69.5550613403
1540580423078613065,-4.81282949448,5.46422386169,-69.7034378052
1540580423124165794,-4.77935028076,5.45471525192,-69.5751190186
1540580423164746252,-4.81401348114,5.46314191818,-69.7287216187
1540580423205751035,-4.87162256241,5.48905324936,-70.0184783936
1540580423250803630,-4.8942155838,5.49712467194,-70.2357940674
1540580423291646542,-4.79222106934,5.47807025909,-69.7535629272
1540580423332666154,-4.77304697037,5.46735668182,-69.6006088257
1540580423378163253,-4.80945682526,5.47437572479,-69.7892532349
1540580423419574549,-4.79265165329,5.46985626221,-69.7222137451
1540580423464218144,-4.82670068741,5.47898006439,-69.8603057861
1540580423504996972,-4.80352401733,5.47146320343,-69.6275100708
1540580423545500205,-4.72109651566,5.44753694534,-69.099571228
1540580423591252235,-4.67976474762,5.43418884277,-69.0115203857
1540580423631493974,-4.75979471207,5.4438457489,-69.4181594849
1540580423672623561,-4.80306529999,5.46250391006,-69.7028961182
1540580423718627175,-4.80870485306,5.4589343071,-69.697265625
1540580423758605474,-4.77638626099,5.44096231461,-69.4383239746
1540580423799509122,-4.68675851822,5.42167186737,-68.8810577393
1540580423844627709,-4.698117733,5.42252445221,-68.9108505249
1540580423885694950,-4.7068157196,5.4403386116,-69.0888519287
1540580423931214780,-4.77762746811,5.45611000061,-69.5400848389
1540580423972048582,-4.81868267059,5.47641468048,-69.7800216675
1540580424012724063,-4.77023267746,5.45223426819,-69.59009552
1540580424058502942,-4.75420570374,5.46363830566,-69.5002746582
1540580424098823850,-4.75819396973,5.46054410934,-69.580116272
1540580424139381664,-4.75309038162,5.46379041672,-69.5955200195
1540580424184601009,-4.75298213959,5.46421861649,-69.5897674561
1540580424225542146,-4.75125694275,5.4656047821,-69.5547332764
1540580424270510681,-4.74723529816,5.48536014557,-69.5456161499
1540580424315684061,-4.74418306351,5.50490570068,-69.5502548218
1540580424357339360,-4.74874019623,5.50198030472,-69.5250930786
1540580424397460176,-4.76299333572,5.485060215,-69.3092193604
1540580424442800119,-4.64426231384,5.50129079819,-68.9425430298
1540580424484793427,-4.64880180359,5.5009393692,-68.6687774658
1540580424525388845,-4.68974304199,5.46240615845,-68.8868179321
1540580424570047518,-4.69212722778,5.46031236649,-68.9373855591
1540580424610907234,-4.75390672684,5.42460823059,-69.17993927
1540580424656230591,-4.76977396011,5.40395975113,-69.2419128418
1540580424697452797,-4.77196931839,5.3943529129,-69.24559021
1540580424738019559,-4.74510335922,5.37861776352,-69.2591934204
1540580424782474164,-4.72699689865,5.33979940414,-69.2625045776
1540580424823599069,-4.72970294952,5.26962089539,-69.2654953003
1540580424864330772,-4.6962556839,5.1895737648,-69.3324813843
1540580424909456848,-4.73667860031,5.11314058304,-69.9103546143
1540580424950415794,-4.86361122131,5.01079320908,-71.1033859253
1540580424995609914,-5.2422413826,4.90587568283,-74.0317993164
1540580425037119927,-5.68223810196,4.79542922974,-77.0903320312
1540580425077413452,-6.10565757751,4.64008998871,-80.1226196289
1540580425122513378,-6.40128707886,4.45812559128,-82.470916748
1540580425163483135,-6.66464519501,4.25539159775,-84.7282943726
1540580425205218983,-6.89385080338,4.14705657959,-86.6649703979
1540580425249448441,-7.14725589752,4.05975818634,-88.4883956909
1540580425290540400,-7.34317398071,3.99123072624,-89.9834899902
1540580425331944117,-7.50276660919,3.9352273941,-91.1507949829
1540580425376315077,-7.52463674545,3.92628502846,-91.3592376709
1540580425417785214,-7.48005056381,3.93030190468,-91.0752639771
1540580425462470734,-7.45190143585,3.92580771446,-90.8409042358
1540580425504249179,-7.45546150208,3.92340898514,-90.8012084961
1540580425545039209,-7.48472213745,3.92018580437,-90.925994873
1540580425589669949,-7.48456382751,3.91969537735,-90.9308853149
1540580425630764214,-7.48222875595,3.92422914505,-90.8616867065
1540580425672264319,-7.48046731949,3.91760206223,-90.8115997314
1540580425716834029,-7.48162460327,3.91615080833,-90.8363571167
1540580425757810044,-7.48162460327,3.91615080833,-90.8363571167
1540580425798462196,-7.47820091248,3.91275763512,-90.7368392944
1540580425843376930,-7.43820571899,3.91209793091,-90.4428329468
1540580425884156940,-7.26392602921,3.93728637695,-89.1144943237
1540580425929674186,-6.92673158646,3.96877264977,-86.7595672607
1540580425970370659,-6.39973258972,3.98756814003,-83.046546936
1540580426011433001,-5.76696538925,3.97681832314,-78.5760726929
1540580426056260680,-4.91907691956,3.8520720005,-72.4175109863
1540580426097634008,-4.41184091568,3.77329182625,-68.8793182373
1540580426138263294,-4.12959194183,3.7030980587,-66.5523376465
1540580426183932170,-3.91083407402,3.62011027336,-64.7459640503
1540580426224145695,-3.66312456131,3.54502677917,-62.775718689
1540580426269338243,-3.47560310364,3.4715681076,-61.3605194092
1540580426310547492,-3.2401201725,3.38560414314,-59.6593513489
1540580426351157088,-3.02089333534,3.30233407021,-57.9576911926
1540580426396239793,-2.77374744415,3.19344353676,-55.9464683533
1540580426437080310,-2.53910923004,3.08127999306,-53.8744316101
1540580426478071608,-2.17383551598,2.89232802391,-51.1007118225
1540580426523865305,-1.80046832561,2.67422795296,-48.1545600891
1540580426564172506,-1.37247645855,2.38574981689,-44.6278800964
1540580426609140801,-1.07626819611,2.14970564842,-41.8315315247
1540580426650166074,-0.785741269588,1.83637869358,-39.0990867615
1540580426691171885,-0.529671728611,1.62235093117,-36.6296577454
1540580426736146034,-0.318087369204,1.40256381035,-34.4803619385
1540580426781285869,-0.031757760793,1.07329547405,-31.2810153961
1540580426822106088,0.273156583309,0.746972739697,-28.3251571655
1540580426863203987,0.535238265991,0.452263206244,-25.7291870117
1540580426908198450,0.710149824619,0.258367210627,-24.0242652893
1540580426949163012,0.674844205379,0.257057487965,-23.8748626709
1540580426994172973,0.657705545425,0.237582296133,-23.6239414215
1540580427035545486,0.708557784557,0.165875717998,-23.0468158722
1540580427076385889,0.733854949474,0.111004896462,-22.6040649414
1540580427121329055,0.738078832626,0.0896546468139,-22.4834861755
1540580427162162900,0.721151530743,0.138904556632,-22.8960666656
1540580427203003846,0.69546353817,0.194131970406,-23.4170017242
1540580427248999037,0.696934401989,0.316637247801,-24.6042900085
1540580427289873523,0.525820851326,0.570618271828,-26.7263240814
1540580427333008196,0.276974231005,0.897591114044,-29.532661438
1540580427375691567,-0.00865010451525,1.22873592377,-32.5182647705
1540580427416497759,-0.391740918159,1.62338578701,-36.260509491
1540580427457423682,-0.640432596207,1.85088503361,-38.5792160034
1540580427502235039,-0.791094183922,1.9970664978,-40.2310142517
1540580427543162542,-0.950618088245,2.15999007225,-42.0683288574
1540580427588492515,-1.2730203867,2.4181034565,-44.9496231079
1540580427629884235,-1.90292322636,2.77415895462,-49.4956932068
1540580427670855523,-2.29498100281,2.97443914413,-52.0943527222
1540580427715663649,-2.48305845261,3.07843136787,-53.8822746277
1540580427756913200,-2.68685436249,3.19367456436,-55.7530288696
1540580427797588066,-3.06720042229,3.35022187233,-58.5871276855
1540580427842064437,-3.4291164875,3.48383331299,-61.2586517334
1540580427883001414,-3.83691883087,3.60658788681,-64.2926635742
1540580427928112707,-4.32939147949,3.72217154503,-67.6296463013
1540580427969127678,-4.83134222031,3.82796573639,-71.0545120239
1540580428010280827,-5.12171459198,3.87905788422,-73.2114639282
1540580428055908572,-5.41497612,3.91918206215,-75.4960250854
1540580428096008366,-5.84482908249,3.96059679985,-78.4685058594
1540580428137737694,-6.47467279434,3.98948359489,-82.5870437622
1540580428182531250,-6.91915845871,3.99334549904,-85.7934417725
1540580428223304654,-7.39649391174,3.98927879333,-88.9438323975
1540580428264413086,-7.80857849121,3.96408963203,-91.788520813
1540580428309162213,-8.22758293152,3.88894605637,-94.7956008911
1540580428350177776,-8.45026683807,3.86333751678,-96.2672805786
1540580428394970029,-8.43290901184,3.86395049095,-96.2020721436
1540580428436867790,-8.32204723358,3.8768196106,-95.4737548828
1540580428477890154,-8.24041080475,3.88251066208,-94.8800354004
1540580428522177678,-8.16786766052,3.88574695587,-94.3812942505
1540580428563849094,-8.19171619415,3.88617777824,-94.5011138916
1540580428604513512,-8.24360370636,3.88098478317,-94.8304672241
1540580428648856051,-8.25459957123,3.87888503075,-94.8556747437
1540580428690216252,-8.23241233826,3.87769389153,-94.6708221436
1540580428735064009,-8.23149585724,3.87986159325,-94.641204834
1540580428775941566,-8.23384189606,3.87531685829,-94.7056045532
1540580428816848096,-8.23034191132,3.87756633759,-94.7452926636
1540580428861744535,-8.14012718201,3.91157841682,-93.880569458
1540580428903503401,-7.7884016037,3.96710824966,-91.3762054443
1540580428944626779,-7.25714302063,4.01735973358,-87.626625061
1540580428989678194,-6.7016043663,4.05228900909,-83.6010742188
1540580429029708580,-5.85381889343,4.01803398132,-77.6192550659
1540580429074807565,-5.10619831085,3.886105299,-72.1183929443
1540580429115790848,-4.39129209518,3.72842073441,-67.3172531128
1540580429156874191,-3.89578032494,3.57814121246,-63.7087287903
1540580429202801727,-3.5040204525,3.44631052017,-60.7422943115
1540580429242819131,-3.34748268127,3.36990904808,-59.2105712891
1540580429287788555,-3.18258047104,3.28895497322,-57.6206741333
1540580429328722655,-2.90532445908,3.17142891884,-55.1920013428
1540580429374267465,-2.34826517105,2.88699817657,-51.061088562
1540580429415305879,-1.93010544777,2.64784169197,-48.0193252563
1540580429456093872,-1.66703283787,2.47821617126,-45.7047309875
1540580429500843377,-1.42338645458,2.29490566254,-43.3221321106
1540580429541981463,-1.13782453537,1.95253098011,-40.1350212097
1540580429586854734,-0.830245316029,1.78543913364,-38.0486412048
1540580429628729929,-0.601708173752,1.56978714466,-35.7411575317
1540580429668703154,-0.314332127571,1.28556680679,-32.9310264587
1540580429714257850,0.0278105158359,0.933450758457,-29.6567115784
1540580429755224034,0.239393308759,0.699349343777,-27.4823970795
1540580429796196190,0.387612938881,0.527612149715,-26.0587463379
1540580429840670095,0.397512972355,0.462548017502,-25.4345607758
1540580429881702125,0.4508035779,0.332781642675,-24.2180042267
1540580429926869371,0.557371497154,0.206842124462,-23.1250171661
1540580429967836434,0.623099625111,0.0936056822538,-22.1763038635
1540580430008852960,0.700762808323,-0.0177977904677,-21.2798061371
1540580430053835058,0.728178560734,-0.0948514044285,-20.6465778351
1540580430095658148,0.734133064747,-0.131075650454,-20.3628063202
1540580430135623699,0.736653804779,-0.144706293941,-20.3847827911
1540580430181159477,0.736653804779,-0.144706293941,-20.3847827911
1540580430221786338,0.732138633728,-0.160119235516,-20.3204498291
1540580430262852476,0.735892057419,-0.180682331324,-20.3355884552
1540580430307821314,0.735715091228,-0.181273445487,-20.2423915863
1540580430348653315,0.735773265362,-0.181091830134,-20.2711601257
1540580430394247850,0.731272518635,-0.196456700563,-20.2149391174
1540580430435463485,0.734970510006,-0.216973990202,-20.2357330322
1540580430475409813,0.734887897968,-0.217294216156,-20.1863079071
1540580430520623221,0.737250447273,-0.231387093663,-20.1369724274
1540580430562090265,0.732919096947,-0.245969623327,-20.200258255
1540580430602991339,0.73669475317,-0.266351372004,-20.2429409027
1540580430647445817,0.758868157864,-0.22437530756,-20.640581131
1540580430688609162,0.681412696838,-0.0597196891904,-22.0345172882
1540580430733814677,0.494192659855,0.229061961174,-24.5187530518
1540580430774643320,0.137497887015,0.70631313324,-28.6076793671
1540580430815478603,-0.234334215522,1.07510507107,-31.8805007935
1540580430861019362,-0.502494633198,1.33807575703,-34.431427002
1540580430910216954,-0.670059800148,1.52473831177,-36.3590011597
1540580430945546039,-0.855793714523,1.74582636356,-38.5885124207
1540580430987846436,-1.22042787075,2.04258012772,-41.7356529236
1540580431028908380,-1.53691339493,2.26655125618,-44.3945350647
1540580431069380252,-1.86109662056,2.48570036888,-47.0723838806
1540580431114853093,-2.24246501923,2.72783780098,-50.1632766724
1540580431158594364,-2.6734187603,2.94980573654,-53.1707763672
1540580431201522684,-2.86291623116,3.05503368378,-54.8622817993
1540580431242379698,-3.07055783272,3.17603111267,-56.821762085
1540580431282624902,-3.45574879646,3.32665228844,-59.6483154297
1540580431328249806,-3.93296027184,3.49057769775,-63.0908660889
1540580431368573537,-4.26214599609,3.57567095757,-65.4739685059
1540580431413596638,-4.55362415314,3.64607453346,-67.7290802002
1540580431454825066,-4.9159116745,3.72157025337,-70.3297576904
1540580431495903732,-5.41889429092,3.80284309387,-73.7965240479
1540580431540622210,-5.80871343613,3.85752081871,-76.4527740479
1540580431581529521,-6.20577573776,3.89695978165,-79.3567428589
1540580431623359444,-6.70554018021,3.91514396667,-82.6744995117
1540580431668216927,-7.22349691391,3.91296887398,-86.3788986206
1540580431708282072,-7.61738061905,3.91325902939,-89.1546630859
1540580431750000460,-7.9756436348,3.87631964684,-91.6592483521
1540580431794963483,-8.27921485901,3.83787035942,-93.8108978271
1540580431839728600,-8.35478019714,3.83304929733,-94.2600250244
1540580431880639646,-8.17079353333,3.87535905838,-92.8320007324
1540580431925715324,-7.68951320648,3.94328212738,-89.3822860718
1540580431966602168,-6.8786406517,3.98861718178,-83.5930633545
1540580432007340587,-6.1937584877,3.96548175812,-78.4887008667
1540580432052353634,-5.45746326447,3.8641307354,-73.308883667
1540580432094256778,-4.90360403061,3.7708864212,-69.5815048218
1540580432134205155,-4.72174406052,3.70837521553,-67.8652496338
1540580432179357483,-4.57649040222,3.64834332466,-66.364440918
1540580432220439776,-4.39281654358,3.59032678604,-64.6644134521
1540580432261753464,-4.02766466141,3.47005772591,-61.8334274292
1540580432306408431,-3.49234127998,3.28723454475,-58.1312599182
1540580432347492252,-2.90528249741,3.03542423248,-53.9990119934
1540580432392750195,-2.6248986721,2.86688947678,-51.4743919373
1540580432434593630,-2.36720943451,2.72396111488,-49.3270111084
1540580432474462476,-2.18296527863,2.57800197601,-47.5442733765
1540580432519433121,-1.85699486732,2.35368657112,-44.5777015686
1540580432560773346,-1.52230465412,2.0208234787,-41.2183647156
1540580432601794060,-1.06940352917,1.74724411964,-38.0896339417
1540580432646326048,-0.789952814579,1.50229859352,-35.5375442505
1540580432687399391,-0.600515902042,1.25893437862,-33.1156616211
1540580432732423550,-0.368445783854,1.00136518478,-30.623878479
1540580432773190627,-0.0886337086558,0.705820143223,-27.8660831451
1540580432814213184,0.128820985556,0.445044875145,-25.4865055084
1540580432859267448,0.245319396257,0.127978265285,-22.8116283417
1540580432900528108,0.435476541519,-0.126687496901,-20.6889953613
1540580432941735813,0.504527807236,-0.201931238174,-20.0719509125
1540580432986136314,0.427713215351,-0.164343833923,-20.490196228
1540580433027131591,0.417280048132,-0.144477844238,-20.618976593
1540580433068067203,0.426122248173,-0.114050991833,-20.7245960236
1540580433113165064,0.402485281229,-0.0603790208697,-21.0521945953
1540580433154296491,0.41158297658,0.00725885154679,-21.5855808258
1540580433199139224,0.320257127285,0.245517522097,-23.5958023071
1540580433241156071,-0.0428196676075,0.702481091022,-27.5858860016
1540580433281324418,-0.300950586796,1.04883944988,-30.5504112244
1540580433326484597,-0.519583523273,1.31237256527,-32.9622573853
1540580433367283820,-0.733943104744,1.56464266777,-35.3757171631
1540580433408252499,-1.01846623421,1.8166590929,-38.0429611206
1540580433453265201,-1.22129023075,2.00442671776,-40.0174598694
1540580433494206052,-1.4667429924,2.21468186378,-42.3956985474
1540580433535472843,-1.85095953941,2.47820591927,-45.4982872009
1540580433580297229,-2.31096792221,2.75810837746,-49.24817276
1540580433621407748,-2.60550165176,2.93552565575,-51.7384300232
1540580433668684922,-2.85224962234,3.06620740891,-53.6509056091
1540580433707248591,-3.14080572128,3.19657945633,-55.9695396423
1540580433748166889,-3.4449608326,3.31933188438,-58.2811279297
1540580433793277174,-3.79383563995,3.45850515366,-61.0467338562
1540580433834318218,-4.18615102768,3.59005689621,-64.0655593872
1540580433875452566,-4.65636348724,3.71252799034,-67.2883148193
1540580433920212053,-5.03693246841,3.80020594597,-69.8826904297
1540580433961044003,-5.40054368973,3.86764907837,-72.696182251
1540580434002041423,-5.77635192871,3.91766381264,-75.3712234497
1540580434047176903,-6.19133043289,3.96488761902,-78.2346420288
1540580434087968260,-6.62655353546,3.99604725838,-81.2454528809
1540580434133264360,-7.17816448212,4.00534105301,-85.0680541992
1540580434174413599,-7.62977075577,3.99071025848,-88.2228088379
1540580434214977518,-8.04124641418,3.98068261147,-91.0785980225
1540580434260061569,-8.36158275604,3.94008278847,-93.3895339966
1540580434305104481,-8.60746860504,3.89979743958,-95.1183700562
1540580434346068932,-8.59091758728,3.89934587479,-95.0681838989
1540580434387210115,-8.49164962769,3.90778207779,-94.3946838379
1540580434432160402,-8.3872385025,3.91620206833,-93.5723190308
1540580434473023010,-8.19259166718,3.94847369194,-92.143371582
1540580434518116604,-7.83891916275,3.99738073349,-89.5498046875
1540580434559113260,-7.37307071686,4.03803253174,-86.2129974365
1540580434600009024,-6.82514286041,4.04470014572,-82.3130645752
1540580434645151832,-5.9939160347,3.99975204468,-76.3601989746
1540580434686213447,-5.29428625107,3.86249923706,-71.3093795776
1540580434726961087,-4.77134799957,3.7453815937,-67.7168884277
1540580434772964308,-4.49671220779,3.66656303406,-65.4962081909
1540580434813100011,-4.21042776108,3.55971360207,-63.0335044861
1540580434858878737,-3.92634868622,3.46496462822,-60.8599739075
1540580434898836535,-3.59596824646,3.33828258514,-58.3711051941
1540580434939803140,-3.22384977341,3.18272566795,-55.4893112183
1540580434984978103,-2.70715141296,2.91969776154,-51.5402870178
1540580435025955386,-2.37298130989,2.7328555584,-48.9173049927
1540580435067097096,-2.15558433533,2.5870153904,-47.023765564
1540580435112025718,-1.95088016987,2.41921281815,-44.8094482422
1540580435152915973,-1.48871982098,2.10188698769,-41.0329551697
1540580435193901154,-1.16779172421,1.86752974987,-38.3445892334
1540580435239218424,-1.03953254223,1.56690299511,-36.050151825
1540580435280858620,-0.722153365612,1.38872599602,-33.8346862793
1540580435325239230,-0.389445304871,1.05368888378,-30.5665740967
1540580435365966842,-0.18603156507,0.797006011009,-28.2349300385
1540580435407239314,0.0380080416799,0.547352015972,-26.1536617279
1540580435452587419,0.150344997644,0.501051604748,-25.8952579498
1540580435492874322,-0.0837232992053,0.786847472191,-28.4072399139
1540580435534705060,-0.392174482346,1.1320952177,-31.5189971924
1540580435579051919,-0.732815086842,1.49268376827,-34.8753242493
1540580435620625020,-1.07845902443,1.80390560627,-37.9265785217
1540580435665273122,-1.28373253345,1.99705481529,-39.9300117493
1540580435705848897,-1.44550657272,2.17328906059,-41.8633537292
1540580435746772815,-1.66179907322,2.36835026741,-44.1191596985
1540580435791927502,-2.08710765839,2.64366006851,-47.465171814
1540580435834140757,-2.56816148758,2.89928174019,-50.9760475159
1540580435874200687,-2.9815325737,3.09974932671,-53.9088096619
1540580435918958133,-3.19340825081,3.21808791161,-55.8213157654
1540580435959913488,-3.45539212227,3.32705616951,-57.8900299072
1540580436000939999,-3.75233602524,3.44067692757,-60.0879211426
1540580436045878949,-4.16147184372,3.56285071373,-62.2311210632
1540580436087026700,-4.08054304123,3.57175111771,-61.6789360046
1540580436132232096,-3.78056979179,3.46182632446,-59.2619018555
1540580436174198396,-3.2172358036,3.20844221115,-55.0171279907
1540580436214177026,-2.45764017105,2.84000754356,-49.732421875
1540580436259218912,-2.09215092659,2.61676883698,-46.7720603943
1540580436300329027,-1.91560697556,2.47047734261,-44.9538040161
1540580436342323852,-1.79131186008,2.35856294632,-43.4681968689
1540580436386443289,-1.52353227139,2.17667341232,-41.3179016113
1540580436427637899,-1.42206275463,2.12094926834,-40.7486457825
1540580436473829628,-1.48654329777,2.16925239563,-41.1377792358
1540580436512844561,-1.53248393536,2.22226691246,-41.8967933655
1540580436553690317,-1.73953354359,2.41248059273,-44.099357605
1540580436598667321,-2.3634493351,2.78414463997,-48.8521156311
1540580436639684713,-2.84257245064,3.05465936661,-52.3514404297
1540580436681029906,-3.13612961769,3.19290018082,-54.5948791504
1540580436725869451,-3.29529905319,3.28521347046,-56.248966217
1540580436766652177,-3.61747574806,3.42363142967,-58.8320465088
1540580436811639729,-3.94113922119,3.53938150406,-61.2460174561
1540580436852674207,-4.27719545364,3.65339517593,-63.8005943298
1540580436898364457,-4.83043766022,3.81398701668,-67.7916564941
1540580436939312914,-5.32363653183,3.91654491425,-71.0408782959
1540580436984652441,-5.70718336105,3.97482728958,-73.6969680786
1540580437024690641,-6.02210903168,4.01323223114,-76.0072479248
1540580437065798702,-6.51415967941,4.0563044548,-79.5091018677
1540580437111157731,-7.01015901566,4.08483743668,-82.7435302734
1540580437152623463,-7.42737388611,4.09673881531,-85.8065032959
1540580437193113085,-7.8079533577,4.08171129227,-88.5326461792
1540580437237628474,-8.05092716217,4.06180429459,-90.2065887451
1540580437279081171,-7.78964662552,4.08826637268,-88.2893371582
1540580437323651629,-7.19922542572,4.11700534821,-84.1970443726
1540580437364686778,-6.52309799194,4.10143089294,-79.2723236084
1540580437405612047,-5.76567029953,4.0154542923,-73.4796066284
1540580437450923781,-4.83397388458,3.83445692062,-67.4895935059
1540580437491684237,-4.67285680771,3.78716921806,-65.8951873779
1540580437532580382,-4.62858724594,3.76760387421,-64.9351654053
1540580437578148613,-4.39946603775,3.68982434273,-63.0769309998
1540580437619261274,-4.02606582642,3.57002782822,-60.8077468872
1540580437659661525,-3.90116047859,3.5339922905,-60.5228996277
1540580437704516761,-4.09501791,3.59623146057,-62.1389846802
1540580437745616672,-4.55569648743,3.73058414459,-65.374420166
1540580437790793656,-5.32324171066,3.92444205284,-70.3123245239
1540580437831615509,-5.84502077103,4.00586891174,-73.9471969604
1540580437872592465,-6.27174377441,4.06184005737,-76.8953170776
1540580437917600383,-6.52601861954,4.07512712479,-78.8033447266
1540580437958566957,-6.78199052811,4.08673095703,-80.8623580933
1540580437999504140,-7.13656759262,4.07447433472,-83.4176101685
1540580438044588029,-7.62450551987,4.06322813034,-86.7787246704
1540580438085722832,-8.09360599518,4.05031394958,-90.1576766968
1540580438126712697,-8.59488582611,3.97601032257,-93.7582855225
1540580438171694439,-8.83346366882,3.93427586555,-95.3930511475
1540580438212512735,-8.75958156586,3.94218254089,-94.869392395
1540580438257624606,-8.56285572052,3.9654147625,-93.577507019
1540580438298704406,-8.42057704926,3.98140335083,-92.5261993408
1540580438339457448,-8.27625370026,3.9746670723,-91.5528793335
1540580438384496620,-8.21160125732,3.96071434021,-90.9938812256
1540580438425437297,-8.17774581909,3.96037483215,-90.5858612061
1540580438466515262,-8.01269435883,3.97413086891,-89.2614898682
1540580438511779702,-7.39560747147,4.01154661179,-84.8968429565
1540580438552471676,-6.76360988617,4.00644254684,-80.3695068359
1540580438597458659,-6.11231517792,3.95079660416,-75.3819503784
1540580438638939826,-5.39236450195,3.84489488602,-70.5227279663
1540580438679540185,-4.84181594849,3.70598363876,-66.5345001221
1540580438724448234,-4.68190956116,3.65590167046,-65.0800704956
1540580438765426170,-4.57333230972,3.60862445831,-63.8468437195
1540580438806475777,-4.33273935318,3.53331685066,-61.7958145142
1540580438851501380,-3.77000355721,3.33246159554,-57.7150421143
1540580438892448349,-3.28365159035,3.11502027512,-54.1898422241
1540580438937545489,-2.94690203667,2.9368929863,-51.4966392517
1540580438978529353,-2.68111729622,2.76688933372,-49.1536445618
1540580439019502371,-2.33859562874,2.55962324142,-46.4255447388
1540580439064448653,-2.08012938499,2.37212085724,-44.1772880554
1540580439105263324,-1.79173541069,2.15552258492,-41.6019020081
1540580439146493759,-1.41518747807,1.88671147823,-39.2382507324
1540580439191456786,-1.38274395466,1.90402531624,-39.5212059021
1540580439232386097,-1.78003191948,2.24596643448,-43.0206031799
1540580439273272885,-2.26245617867,2.57144355774,-46.99741745
1540580439318316354,-2.85610508919,2.88303399086,-51.2176208496
1540580439363479236,-3.39287042618,3.12934064865,-54.7379951477
1540580439404607665,-3.47605991364,3.19480061531,-55.866394043
1540580439449397323,-3.52109003067,3.23306822777,-56.9555091858
1540580439490242093,-3.82716608047,3.35310411453,-59.3439331055
1540580439531329230,-4.37265300751,3.53212046623,-63.1576690674
1540580439576396828,-4.81380796432,3.67006444931,-66.3203735352
1540580439617302814,-5.26001691818,3.77627396584,-69.3684463501
1540580439658133038,-5.58140182495,3.84091043472,-71.1999359131
1540580439703449507,-5.50907707214,3.84348082542,-70.7407150269
1540580439744226392,-5.23143053055,3.78612279892,-68.6878509521
1540580439785213164,-4.71812009811,3.65433692932,-64.8614578247
1540580439830370395,-3.96785306931,3.39238762856,-59.4535942078
1540580439871438606,-3.20133924484,3.09115552902,-54.3966255188
1540580439916720826,-3.05067825317,3.00160217285,-52.7561950684
1540580439957338067,-2.91693997383,2.92266011238,-51.2983932495
1540580439998261015,-2.73611903191,2.81199073792,-49.6883239746
1540580440043339205,-2.54651856422,2.66035437584,-47.7326049805
1540580440084218535,-2.03901934624,2.32040166855,-43.4440345764
1540580440125307120,-1.55851471424,1.94596028328,-39.391998291
1540580440170333582,-1.19560742378,1.68844497204,-36.7968215942
1540580440211819695,-1.04808354378,1.53230595589,-35.0124893188
1540580440256561299,-0.924597203732,1.39414072037,-33.5671806335
1540580440297193120,-0.876024246216,1.33070456982,-33.0261001587
1540580440338274127,-0.887956261635,1.3412501812,-33.1348648071
1540580440383176240,-0.919271945953,1.39531302452,-33.6776809692
1540580440424707549,-1.01344954967,1.53567373753,-35.0717391968
1540580440465147296,-1.23309183121,1.75478219986,-37.2206115723
1540580440510291877,-1.48854672909,1.98412942886,-39.6435394287
1540580440551260513,-1.73857533932,2.20191478729,-42.0642356873
1540580440596278928,-2.17397665977,2.50740718842,-45.7437400818
1540580440637256977,-2.53547430038,2.73908376694,-48.6392784119
1540580440678220989,-2.88138723373,2.93275403976,-51.2538261414
1540580440723676125,-3.1168692112,3.06984400749,-53.3638916016
1540580440764280393,-3.4019742012,3.20496606827,-55.6797676086
1540580440805157443,-3.82526302338,3.36311459541,-58.3507461548
1540580440850105821,-3.96842193604,3.40875577927,-58.9522514343
1540580440891368233,-3.78880214691,3.36440992355,-57.5724983215
1540580440932096228,-3.40159392357,3.17803955078,-54.3546218872
1540580440977220082,-2.66831755638,2.79700994492,-49.0538368225
1540580441018344373,-2.21637415886,2.53507423401,-45.7543678284
1540580441063158176,-2.02364492416,2.37675404549,-43.7084655762
1540580441104262739,-1.82875669003,2.20804357529,-41.6853141785
1540580441145143861,-1.54901075363,1.98153495789,-39.0582008362
1540580441190705217,-1.31027424335,1.73805999756,-36.9185333252
1540580441231130848,-1.01215803623,1.46790146828,-34.0091094971
1540580441272012444,-0.675969183445,1.13395941257,-30.8751926422
1540580441317306592,-0.375984340906,0.814554572105,-27.9852485657
1540580441358176822,-0.305973917246,0.703283667564,-27.0684318542
1540580441399067171,-0.322263032198,0.664104223251,-26.5950469971
1540580441444156595,-0.245973691344,0.546608030796,-25.5731258392
1540580441484883014,-0.101214081049,0.314709246159,-23.5117492676
1540580441530383546,0.0579820536077,0.0322625935078,-21.3153438568
1540580441571058872,0.160025432706,-0.142222493887,-20.0068397522
1540580441612132379,0.164535865188,-0.12715934217,-20.0562515259
1540580441656908958,0.0757107511163,-0.0644143968821,-20.6391353607
1540580441698001760,0.111307471991,0.0134824421257,-20.9656200409
1540580441739041745,0.0416739732027,0.186426624656,-22.297460556
1540580441784005376,-0.103696905077,0.414085239172,-24.3623256683
1540580441829164658,-0.362888932228,0.746424198151,-27.5303115845
1540580441870301000,-0.620218992233,1.10701656342,-30.4469070435
1540580441915158195,-0.943640828133,1.45387518406,-33.6342391968
1540580441956128731,-1.18173480034,1.70397138596,-36.157459259
1540580441997656273,-1.33896768093,1.88338983059,-38.1174583435
1540580442041989528,-1.55203819275,2.08972525597,-40.4206733704
1540580442083545053,-1.90526211262,2.35191130638,-43.3262252808
1540580442124139840,-2.2426571846,2.57394242287,-46.0754508972
1540580442169498985,-2.61668753624,2.83906817436,-49.4450492859
1540580442210593224,-2.99912667274,3.02785563469,-52.1076087952
1540580442250792564,-3.25324988365,3.16176581383,-54.2059860229
1540580442296190319,-3.47027492523,3.27470350266,-56.0284233093
1540580442336838374,-3.81614732742,3.4155087471,-58.8819503784
1540580442382092447,-4.2872672081,3.59261751175,-62.2613792419
1540580442422966196,-4.77555465698,3.74427556992,-65.5664596558
1540580442463757998,-5.14691305161,3.84621143341,-68.1844940186
1540580442509426366,-5.50666761398,3.92486619949,-70.9913482666
1540580442549949030,-5.8797492981,3.97946166992,-73.6162872314
1540580442591146223,-6.26168632507,4.02536725998,-76.2241210938
1540580442635766742,-6.62308359146,4.06714582443,-78.8502502441
1540580442676844745,-7.20776605606,4.08497619629,-82.8640823364
1540580442723012811,-7.68730258942,4.09229946136,-86.1624679565
1540580442762791342,-8.13686466217,4.08765983582,-89.283744812
1540580442803800216,-8.53068637848,4.05592489243,-92.0941314697
1540580442849239947,-8.84928226471,4.00271606445,-94.2863998413
1540580442890676879,-9.01261425018,3.97355294228,-95.4873123169
1540580442931200479,-8.92690658569,3.98616123199,-94.9186859131
1540580442975900249,-8.82576370239,3.98890566826,-94.2147216797
1540580443017265446,-8.754945755,3.99528717995,-93.6366653442
1540580443057904358,-8.672706604,3.99312210083,-93.0326538086
1540580443103030896,-8.6965341568,3.99459958076,-93.1379165649
1540580443144646173,-8.69332504272,3.99157309532,-93.0482711792
1540580443189062427,-8.52863788605,4.02962255478,-91.7794189453
1540580443230531485,-8.00301074982,4.08815574646,-87.9939804077
1540580443271080903,-7.44730424881,4.10766601562,-84.015625
1540580443315836339,-6.80042219162,4.09662914276,-79.375289917
1540580443356857930,-6.08780241013,3.99748921394,-73.9987030029
1540580443398494146,-5.24545240402,3.84123706818,-68.4537963867
1540580443442757274,-4.94985246658,3.76328396797,-66.0430755615
1540580443484443936,-4.71868896484,3.67929267883,-64.0310134888
1540580443529845043,-4.4562792778,3.58627963066,-61.9842338562
1540580443569547068,-4.18001317978,3.48968529701,-59.8368797302
1540580443611155883,-3.75655889511,3.30316662788,-56.5794754028
1540580443656564242,-3.30440449715,3.09506249428,-53.2381820679
1540580443696803423,-2.92172789574,2.89452338219,-50.3367767334
1540580443738272529,-2.67205739021,2.72794437408,-48.2913017273
1540580443782652242,-2.44544410706,2.55143904686,-45.8195266724
1540580443824219780,-2.09894180298,2.31670117378,-42.939781189
1540580443868835821,-1.775146842,2.02526664734,-40.1362686157
1540580443910490679,-1.48175907135,1.83002841473,-37.676700592
1540580443950651394,-1.18602180481,1.52830314636,-34.5607070923
1540580443996018868,-0.933868527412,1.27446937561,-32.0635528564
1540580444036729323,-0.73568791151,1.04895460606,-29.8537960052
1540580444078175283,-0.536261081696,0.804507791996,-27.6182250977
1540580444122767665,-0.255949348211,0.42423543334,-24.3135662079
1540580444163632043,-0.126912176609,0.103673703969,-21.8984947205
1540580444204543381,0.0217446852475,-0.0813653916121,-20.3976345062
1540580444249793317,0.0305988956243,-0.051328368485,-20.4895973206
1540580444290614562,-0.0816891938448,0.0557756833732,-21.35105896
1540580444336448919,-0.0846461057663,0.0339225977659,-21.2646846771
1540580444381387495,-0.0331339277327,-0.0131907202303,-20.7954826355
1540580444422479936,-0.0200612936169,-0.0462751425803,-20.5045833588
1540580444463109077,-0.0276279430836,-0.0831688567996,-20.4689121246
1540580444507992189,-0.0675167292356,-0.0195578429848,-20.8886966705
1540580444549004622,-0.0677194520831,0.0938995033503,-21.5637435913
1540580444590088047,-0.147477015853,0.298001289368,-23.4185600281
1540580444634582583,-0.456633090973,0.674485206604,-26.969127655
1540580444675464945,-0.682754397392,0.970019936562,-29.5626831055
1540580444716501254,-0.904224574566,1.2760425806,-31.9902153015
1540580444761598950,-1.16963064671,1.57539308071,-34.890625
1540580444803288752,-1.49400424957,1.85388171673,-37.8762969971
1540580444847482511,-1.64183759689,2.01838469505,-39.6269340515
1540580444889018269,-1.85485637188,2.22665500641,-41.8433418274
1540580444929383901,-2.22061991692,2.48156261444,-44.8723106384
1540580444974461824,-2.68276810646,2.77190470695,-48.693359375
1540580445016499932,-2.99879527092,2.96068620682,-51.3358039856
1540580445056421050,-3.25373506546,3.0956132412,-53.3307380676
1540580445101559196,-3.5281252861,3.22710156441,-55.583896637
1540580445143188919,-3.88430094719,3.37050890923,-58.3275756836
1540580445184104671,-4.16405773163,3.48665118217,-60.5015678406
1540580445229032615,-4.54871749878,3.61452364922,-63.4907417297
1540580445269659804,-5.02872371674,3.76230478287,-66.7935638428
1540580445314832704,-5.50901269913,3.86708927155,-70.1139221191
1540580445355586542,-5.81412935257,3.92122912407,-72.3384399414
1540580445396644770,-6.18368721008,3.97641134262,-75.0157623291
1540580445441438374,-6.6039276123,4.02069950104,-77.8702697754
1540580445482369832,-7.02689266205,4.05454730988,-80.8234558105
1540580445523302681,-7.57773303986,4.06453847885,-84.6081237793
1540580445569299580,-8.02990436554,4.05142974854,-87.7492294312
1540580445610011680,-8.43270397186,4.06117916107,-90.6220703125
1540580445650349151,-8.77629947662,4.00826931,-92.9980010986
1540580445695796784,-9.07628059387,3.96259331703,-95.0815734863
1540580445736335189,-9.14085578918,3.95833230019,-95.4810943604
1540580445782552495,-9.03958034515,3.96890830994,-94.8919067383
1540580445822409861,-8.96992492676,3.97309279442,-94.3581085205
1540580445863269507,-8.89630126953,3.97009754181,-93.8486251831
1540580445908667965,-8.88873958588,3.9702436924,-93.7837295532
1540580445950188960,-8.93795013428,3.96854066849,-94.0436019897
1540580445990473323,-8.94519901276,3.96913218498,-94.0986251831
1540580446036075440,-8.9452457428,3.96379613876,-93.974029541
1540580446076861839,-8.94755840302,3.96361541748,-93.9094467163
1540580446121789404,-8.94244003296,3.95887327194,-93.9088973999
1540580446162335692,-8.94519233704,3.95316505432,-93.9831085205
1540580446203446596,-8.94845199585,3.95063829422,-93.948135376
1540580446248441301,-8.9364528656,3.95112895966,-93.7541275024
1540580446290224938,-8.80062484741,3.98310780525,-92.7338256836
1540580446331113311,-8.45273971558,4.03662872314,-90.2140655518
1540580446376061428,-7.94131183624,4.07454490662,-86.4725646973
1540580446416962345,-7.14878034592,4.0804643631,-80.8088302612
1540580446461421277,-6.42808914185,4.01316261292,-75.5241851807
1540580446502627627,-5.67979621887,3.88499760628,-70.4259567261
1540580446543440813,-5.18154430389,3.7476849556,-66.7104415894
1540580446588355721,-4.77322101593,3.60464286804,-63.6369171143
1540580446629373509,-4.60667610168,3.54360699654,-62.0664863586
1540580446670513072,-4.42522859573,3.47525715828,-60.3588676453
1540580446716253639,-4.09189939499,3.33977079391,-57.6811256409
1540580446757092731,-3.53610897064,3.09064722061,-53.5855331421
1540580446797457659,-3.13903903961,2.8886551857,-50.633026123
1540580446842953446,-2.87203860283,2.70075058937,-48.2200737
1540580446887677722,-2.53979849815,2.47319507599,-45.2741127014
1540580446928721065,-2.2809252739,2.29725217819,-42.9988937378
1540580446969895267,-2.08051156998,2.04885196686,-40.6956291199
1540580447014169346,-1.75780642033,1.83572995663,-38.0529212952
1540580447055220578,-1.35373151302,1.48436248302,-34.4539222717
1540580447100368121,-1.12112474442,1.24255418777,-32.0585975647
1540580447141300245,-0.937899768353,1.01617848873,-29.9486484528
1540580447182191245,-0.706282794476,0.742244243622,-27.3747444153
1540580447231999197,-0.453351140022,0.514133393764,-25.4958610535
1540580447268185247,-0.497869163752,0.546330869198,-25.7336750031
1540580447309446481,-0.537811517715,0.586214125156,-26.0784873962
1540580447354517813,-0.537866413593,0.586134016514,-26.0921134949
1540580447395708202,-0.544448792934,0.5848107934,-26.0428657532
1540580447440337871,-0.530326664448,0.560046494007,-25.8408432007
1540580447488295553,-0.532233893871,0.566522181034,-25.9121799469
1540580447524023579,-0.53249758482,0.566299080849,-25.9630336761
1540580447567945959,-0.538001596928,0.557686686516,-26.0138702393
1540580447608790162,-0.527694284916,0.545906066895,-25.9477119446
1540580447649745834,-0.524045944214,0.532817661762,-25.8338699341
1540580447694177128,-0.524417102337,0.53240519762,-25.918806076
1540580447735445533,-0.524665355682,0.532184660435,-25.9696540833
1540580447776160665,-0.526565432549,0.510413050652,-25.9202823639
1540580447821137832,-0.523172736168,0.497039794922,-25.862537384
1540580447862194430,-0.526799559593,0.481857508421,-25.8540992737
1540580447908095503,-0.523628652096,0.468299686909,-25.8403930664
1540580447949031016,-0.52038371563,0.454794645309,-25.8114871979
1540580447988993046,-0.523944377899,0.439764797688,-25.7757778168
1540580448034111964,-0.522253990173,0.433113187551,-25.7400951385
1540580448075038066,-0.526064276695,0.41778832674,-25.7688694
1540580448116189628,-0.522995591164,0.404042452574,-25.7892494202
1540580448161031287,-0.521401584148,0.397297888994,-25.7755756378
1540580448201958455,-0.519809186459,0.390552550554,-25.7619037628
1540580448242964412,-0.525000572205,0.382232367992,-25.7466888428
1540580448288743425,-0.52336025238,0.375507712364,-25.7246379852
1540580448328970108,-0.521883845329,0.368596017361,-25.7466163635
1540580448374178143,-0.520152449608,0.361999988556,-25.6957359314
1540580448415074595,-0.525310337543,0.353792369366,-25.6600646973
1540580448455891194,-0.522115588188,0.34028339386,-25.6311626434
1540580448501134865,-0.539480507374,0.377896249294,-26.0046405792
1540580448541978094,-0.566600263119,0.399948775768,-26.106546402
1540580448582823351,-0.528811812401,0.366869986057,-25.7822799683
1540580448628012164,-0.527115285397,0.36029201746,-25.7329559326
1540580448668870288,-0.525599241257,0.353365212679,-25.7533779144
