rosbagTimestamp,joint1,joint2,joint3,joint4,joint5,joint6,joint7
1540323508666959072,269.964447021,189.694091797,96.8513793945,6.40541887283,18.6378593445,356.694946289,0.0
1540323508764284522,269.964447021,189.694091797,96.8513793945,6.40541887283,18.6378593445,356.694946289,0.0
1540323508871248359,269.964447021,189.694091797,96.8513793945,6.40541887283,18.6378593445,356.694946289,0.0
1540323508970015594,269.964447021,189.694091797,96.8513793945,6.40541887283,18.6378593445,356.694946289,0.0
1540323509076532973,269.964447021,189.694091797,96.8513793945,6.40541887283,18.6378593445,356.694946289,0.0
1540323509169755853,269.964447021,189.694091797,96.8513793945,6.40541887283,18.6378593445,356.694946289,0.0
1540323509261663821,269.964447021,189.694091797,96.8513793945,6.40541887283,18.6378593445,356.694946289,0.0
1540323509368552467,269.964447021,189.694091797,96.8513793945,6.40541887283,18.6378593445,356.694946289,0.0
1540323509462960830,269.964447021,189.694091797,96.8513793945,6.40541887283,18.6378593445,356.694946289,0.0
1540323509577075009,269.964447021,189.694091797,96.8513793945,6.40541887283,18.6378593445,356.694946289,0.0
1540323509671352856,269.964447021,189.694091797,96.8513793945,6.40541887283,18.6378593445,356.694946289,0.0
1540323509768286370,269.964447021,189.694091797,96.8513793945,6.40541887283,18.6378593445,356.694946289,0.0
1540323509878362711,269.964447021,189.694091797,96.8513793945,6.40541887283,18.6378593445,356.844940186,0.0
1540323509968388723,269.964447021,189.694091797,96.8513793945,6.40541887283,18.6378593445,356.844940186,0.0
1540323510064082882,269.964447021,189.694091797,96.8513793945,6.40541887283,18.6378593445,356.844940186,0.0
1540323510171520021,269.964447021,189.694091797,96.8513793945,6.40541887283,18.6378593445,356.994934082,0.0
1540323510272673957,269.964447021,189.694091797,97.0513763428,6.40541887283,18.6378593445,357.894897461,0.0
1540323510375530377,269.964447021,189.694091797,97.251373291,6.40541887283,18.6378593445,358.79486084,0.0
1540323510469558919,269.964447021,189.694091797,97.251373291,6.40541887283,18.6378593445,359.244842529,0.0
1540323510568097445,269.964447021,189.694091797,97.251373291,6.40541887283,18.6378593445,359.544830322,0.0
1540323510669986372,269.964447021,189.694091797,97.251373291,6.40541887283,18.6378593445,359.544830322,0.0
1540323510765341709,269.964447021,189.694091797,97.251373291,6.40541887283,18.6378593445,359.544830322,0.0
1540323510864130761,269.964447021,189.694091797,97.251373291,6.40541887283,18.6378593445,359.544830322,0.0
1540323510966226495,269.964447021,189.694091797,97.251373291,6.40541887283,18.6378593445,359.544830322,0.0
1540323511082234178,269.964447021,189.694091797,97.251373291,6.40541887283,18.6378593445,359.394836426,0.0
1540323511172668883,269.964447021,189.694091797,97.1513748169,6.40541887283,18.6378593445,358.494873047,0.0
1540323511264411552,269.964447021,189.694091797,96.7513809204,6.40541887283,18.6378593445,355.345001221,0.0
1540323511366567813,269.964447021,189.694091797,95.6513977051,6.40541887283,18.6378593445,350.845184326,0.0
1540323511466062148,269.964447021,189.694091797,94.4514160156,6.40541887283,18.6378593445,346.345367432,0.0
1540323511566389330,269.964447021,189.694091797,93.3514328003,6.40541887283,18.6378593445,341.845550537,0.0
1540323511672082863,269.964447021,189.694091797,92.4514465332,6.40541887283,18.6378593445,337.195739746,0.0
1540323511774124310,269.964447021,189.694091797,91.5514602661,6.5554189682,18.6378593445,331.645965576,0.0
1540323511862742088,269.964447021,189.694091797,91.2514648438,6.5554189682,18.6378593445,328.196105957,0.0
1540323511964069150,269.964447021,189.694091797,91.0514678955,6.5554189682,18.6378593445,323.696289062,0.0
1540323512066566192,269.964447021,189.694091797,90.9514694214,6.5554189682,18.6378593445,319.346466064,0.0
1540323512171348555,269.964447021,189.694091797,90.9514694214,6.5554189682,18.6378593445,315.146636963,0.0
1540323512272087514,269.964447021,189.694091797,90.9514694214,6.5554189682,18.6378593445,313.046722412,0.0
1540323512372614865,269.964447021,189.694091797,90.9514694214,6.5554189682,18.6378593445,313.346710205,0.0
1540323512476562959,269.964447021,189.694091797,90.9514694214,6.5554189682,18.6378593445,317.246551514,0.0
1540323512568550544,269.964447021,189.694091797,90.9514694214,6.5554189682,18.6378593445,320.546417236,0.0
1540323512666069067,269.964447021,189.694091797,90.9514694214,6.5554189682,18.6378593445,325.046234131,0.0
1540323512772452979,270.064453125,189.694091797,90.7514724731,6.5554189682,18.6378593445,330.596008301,0.0
1540323512872577254,270.064453125,189.694091797,90.5514755249,6.5554189682,18.6378593445,333.895874023,0.0
1540323512978906784,270.064453125,189.694091797,90.2514801025,6.5554189682,18.6378593445,338.245697021,0.0
1540323513072164442,270.064453125,189.694091797,90.0514831543,6.5554189682,18.6378593445,340.495605469,0.0
1540323513166098689,270.064453125,189.694091797,90.0514831543,6.5554189682,18.6378593445,341.395568848,0.0
1540323513269416967,270.064453125,189.694091797,89.9514846802,6.5554189682,18.6378593445,341.695556641,0.0
1540323513363436263,270.064453125,189.694091797,89.9514846802,6.5554189682,18.6378593445,341.695556641,0.0
1540323513468279900,270.064453125,189.694091797,89.9514846802,6.5554189682,18.6378593445,341.695556641,0.0
1540323513574248423,270.064453125,189.694091797,89.9514846802,6.5554189682,18.6378593445,341.995544434,0.0
1540323513676634442,270.064453125,189.7940979,89.9514846802,6.5554189682,18.6378593445,342.295532227,0.0
1540323513769668759,270.064453125,189.994110107,89.9514846802,6.5554189682,18.6378593445,342.59552002,0.0
1540323513864843162,270.164459229,190.194122314,89.9514846802,6.5554189682,18.6378593445,343.045501709,0.0
1540323513973504984,270.364471436,190.294128418,89.9514846802,6.5554189682,18.6378593445,343.795471191,0.0
1540323514061305281,270.464477539,190.294128418,89.9514846802,6.5554189682,18.6378593445,344.245452881,0.0
1540323514175786193,270.564483643,190.294128418,89.9514846802,6.5554189682,18.6378593445,344.545440674,0.0
1540323514266888631,270.664489746,190.294128418,89.9514846802,6.5554189682,18.6378593445,344.545440674,0.0
1540323514365593351,270.76449585,190.294128418,89.9514846802,6.5554189682,18.6378593445,344.545440674,0.0
1540323514476385618,270.864501953,190.294128418,89.9514846802,6.5554189682,18.6378593445,344.545440674,0.0
1540323514570659647,270.964508057,190.394134521,89.9514846802,6.5554189682,18.6378593445,344.545440674,0.0
1540323514665331943,270.964508057,190.494140625,89.9514846802,6.5554189682,18.6378593445,344.395446777,0.0
1540323514771096085,270.964508057,190.594146729,89.6514892578,6.5554189682,18.6378593445,342.295532227,0.0
1540323514867251232,270.964508057,190.694152832,89.4514923096,6.5554189682,18.6378593445,337.945709229,0.0
1540323514971246331,270.964508057,190.694152832,89.1514968872,6.5554189682,18.6378593445,333.59588623,0.0
1540323515064538664,270.964508057,190.694152832,88.7515029907,6.5554189682,18.6378593445,328.796081543,0.0
1540323515170499633,270.964508057,190.694152832,88.2515106201,6.5554189682,18.6378593445,324.146270752,0.0
1540323515265329399,270.964508057,190.694152832,87.9515151978,6.5554189682,18.6378593445,319.646453857,0.0
1540323515368714992,271.06451416,190.694152832,87.4515228271,6.5554189682,18.6378593445,315.146636963,0.0
1540323515473494436,271.06451416,190.694152832,86.8515319824,6.5554189682,18.6378593445,309.446868896,0.0
1540323515569624327,271.06451416,190.694152832,86.4515380859,6.5554189682,18.6378593445,305.697021484,0.0
1540323515668082413,271.06451416,190.694152832,86.2515411377,6.5554189682,18.6378593445,304.647064209,0.0
1540323515769584400,271.06451416,190.794158936,86.1515426636,6.5554189682,18.6378593445,304.647064209,0.0
1540323515874029866,271.06451416,190.894165039,86.1515426636,6.5554189682,18.6378593445,306.147003174,0.0
1540323515973658162,271.164520264,190.994171143,86.1515426636,6.5554189682,18.6378593445,311.246795654,0.0
1540323516061304534,271.264526367,191.094177246,86.1515426636,6.5554189682,18.6378593445,314.696655273,0.0
1540323516168835707,271.364532471,191.094177246,86.0515441895,6.5554189682,18.6378593445,319.046478271,0.0
1540323516272357837,271.364532471,191.094177246,85.7515487671,6.5554189682,18.6378593445,324.146270752,0.0
1540323516373439972,271.464538574,191.094177246,85.1515579224,6.5554189682,18.6378593445,327.296142578,0.0
1540323516471190058,271.464538574,191.094177246,84.7515640259,6.5554189682,18.6378593445,328.046112061,0.0
1540323516563315861,271.464538574,191.19418335,84.4515686035,6.5554189682,18.6378593445,328.046112061,0.0
1540323516675483984,271.464538574,191.19418335,84.2515716553,6.70541906357,18.6378593445,328.196105957,0.0
1540323516771542262,271.464538574,191.294189453,84.1515731812,6.70541906357,18.6378593445,328.346099854,0.0
1540323516865654833,271.564544678,191.394195557,84.1515731812,6.70541906357,18.6378593445,330.146026611,0.0
1540323516974357022,271.564544678,191.594207764,84.1515731812,6.70541906357,18.6378593445,333.59588623,0.0
1540323517077567082,271.564544678,191.694213867,84.1515731812,6.70541906357,18.6378593445,336.295776367,0.0
1540323517169935156,271.564544678,191.794219971,84.1515731812,6.70541906357,18.6378593445,338.095703125,0.0
1540323517263416186,271.564544678,191.894226074,84.1515731812,6.70541906357,18.6378593445,338.995666504,0.0
1540323517369405224,271.564544678,191.894226074,84.051574707,6.70541906357,18.6378593445,339.745635986,0.0
1540323517463081357,271.564544678,191.894226074,84.051574707,6.70541906357,18.6378593445,340.345611572,0.0
1540323517570341636,271.564544678,191.894226074,84.051574707,6.70541906357,18.6378593445,341.095581055,0.0
1540323517667421860,271.564544678,191.894226074,84.051574707,6.70541906357,18.6378593445,341.845550537,0.0
1540323517767812198,271.564544678,191.894226074,84.1515731812,6.70541906357,18.6378593445,342.14553833,0.0
1540323517871488523,271.564544678,191.894226074,84.1515731812,6.70541906357,18.6378593445,342.14553833,0.0
1540323517972236607,271.564544678,191.894226074,84.1515731812,6.70541906357,18.6378593445,341.395568848,0.0
1540323518071620311,271.564544678,191.894226074,84.2515716553,6.70541906357,18.6378593445,336.745758057,0.0
1540323518165493665,271.564544678,191.894226074,84.2515716553,6.70541906357,18.6378593445,333.445892334,0.0
1540323518270318008,271.564544678,191.894226074,84.2515716553,6.70541906357,18.6378593445,328.49609375,0.0
1540323518369911544,271.564544678,191.894226074,84.2515716553,6.70541906357,18.6378593445,325.046234131,0.0
1540323518462147758,271.564544678,191.894226074,84.3515701294,6.70541906357,18.6378593445,320.39642334,0.0
1540323518571159106,271.564544678,191.894226074,84.4515686035,6.70541906357,18.6378593445,314.84664917,0.0
1540323518675556258,271.564544678,191.894226074,84.5515670776,6.70541906357,18.6378593445,310.946807861,0.0
1540323518767346424,271.564544678,191.894226074,84.5515670776,6.70541906357,18.6378593445,310.346832275,0.0
1540323518873458140,271.564544678,191.894226074,84.5515670776,6.70541906357,18.6378593445,311.246795654,0.0
1540323518973475471,271.564544678,191.894226074,84.5515670776,6.70541906357,18.6378593445,314.096679688,0.0
1540323519066316987,271.564544678,191.894226074,84.5515670776,6.70541906357,18.6378593445,318.146514893,0.0
1540323519172620154,271.564544678,191.894226074,84.4515686035,6.70541906357,18.6378593445,321.146392822,0.0
1540323519270536989,271.564544678,191.894226074,84.3515701294,6.70541906357,18.6378593445,321.446380615,0.0
1540323519381304193,271.864562988,191.894226074,84.051574707,6.70541906357,18.6378593445,320.096435547,0.0
1540323519463466444,272.064575195,191.894226074,83.8515777588,6.70541906357,18.6378593445,317.246551514,0.0
1540323519568623926,272.264587402,191.894226074,83.2515869141,6.70541906357,18.6378593445,313.046722412,0.0
1540323519671605147,272.364593506,191.894226074,82.4515991211,6.70541906357,18.6378593445,307.196960449,0.0
1540323519770591064,272.364593506,191.894226074,81.8516082764,6.70541906357,18.6378593445,303.597106934,0.0
1540323519870248703,272.464599609,191.894226074,80.6516265869,6.70541906357,18.6378593445,297.897338867,0.0
1540323519975501360,272.464599609,191.894226074,79.6516418457,6.85541915894,18.6378593445,293.247528076,0.0
1540323520067681335,272.464599609,191.894226074,79.051651001,6.85541915894,18.6378593445,289.797668457,0.0
1540323520165391214,272.464599609,191.894226074,78.6516571045,6.85541915894,18.6378593445,285.447845459,0.0
1540323520263469806,272.464599609,191.894226074,78.5516586304,6.85541915894,18.6378593445,280.798034668,0.0
1540323520377649588,272.464599609,191.894226074,78.5516586304,6.85541915894,18.6378593445,275.248260498,0.0
1540323520464258925,272.464599609,191.994232178,78.251663208,6.85541915894,18.6378593445,271.948394775,0.0
1540323520566753453,272.464599609,192.294250488,77.451675415,6.85541915894,18.6378593445,267.448577881,0.0
1540323520667138373,272.464599609,192.794281006,76.3516921997,7.0054192543,18.6378593445,262.79876709,0.0
1540323520780695790,272.464599609,193.794342041,74.951713562,7.0054192543,18.787858963,257.398986816,0.0
1540323520875090838,272.464599609,194.794403076,74.2517242432,7.0054192543,18.6378593445,253.049163818,0.0
1540323520975302126,272.464599609,196.194488525,73.7517318726,6.85541915894,18.6378593445,248.549346924,0.0
1540323521068130160,272.464599609,197.794586182,73.3517379761,6.85541915894,18.6378593445,245.099487305,0.0
1540323521167662041,272.464599609,198.994659424,73.0517425537,6.85541915894,18.6378593445,240.749664307,0.0
1540323521261063572,272.464599609,200.59475708,72.5517501831,6.85541915894,18.6378593445,236.249847412,0.0
1540323521367149982,272.464599609,202.29486084,71.9517593384,6.85541915894,18.6378593445,232.649993896,0.0
1540323521469762579,272.464599609,203.9949646,71.4517669678,6.85541915894,18.6378593445,230.700073242,0.0
1540323521566387594,272.464599609,204.995025635,71.3517684937,6.85541915894,18.6378593445,229.800109863,0.0
1540323521669509256,272.464599609,205.895080566,71.3517684937,6.85541915894,18.6378593445,229.650115967,0.0
1540323521762317998,272.464599609,206.495117188,71.3517684937,6.85541915894,18.6378593445,229.650115967,0.0
1540323521867376239,272.464599609,207.095153809,71.4517669678,6.85541915894,18.6378593445,229.650115967,0.0
1540323521969148727,272.564605713,208.095214844,72.1517562866,6.85541915894,18.6378593445,229.650115967,0.0
1540323522063077400,272.564605713,208.795257568,73.4517364502,6.85541915894,18.787858963,229.650115967,0.0
1540323522162123335,272.564605713,209.795318604,76.2516937256,6.85541915894,18.787858963,229.650115967,0.0
1540323522279210921,272.564605713,211.495422363,80.5516281128,6.70541906357,18.6378593445,229.650115967,0.0
1540323522373757035,272.564605713,212.795501709,83.5515823364,6.40541887283,18.6378593445,229.650115967,0.0
1540323522467138670,272.664611816,213.895568848,86.6515350342,6.25541877747,18.6378593445,229.650115967,0.0
1540323522573479707,272.664611816,215.09564209,89.9514846802,5.80541849136,18.6378593445,229.650115967,0.0
1540323522674296381,272.664611816,216.095703125,93.2514343262,5.50541830063,18.6378593445,229.650115967,0.0
1540323522769236280,272.76461792,216.895751953,96.3513870239,5.20541810989,18.6378593445,229.650115967,0.0
1540323522874442263,272.76461792,217.295776367,98.7513504028,4.90541791916,18.6378593445,229.650115967,0.0
1540323522971389632,272.864624023,217.595794678,102.651290894,4.45541763306,18.6378593445,229.650115967,0.0
1540323523066424901,272.864624023,217.695800781,105.151252747,4.15541744232,18.6378593445,229.650115967,0.0
1540323523168377460,272.864624023,217.695800781,109.151191711,4.00541734695,18.6378593445,229.650115967,0.0
1540323523281532754,273.06463623,217.795806885,112.651138306,3.85541725159,18.6378593445,229.650115967,0.0
1540323523373639986,273.264648438,217.695800781,115.151100159,3.85541725159,18.6378593445,229.650115967,0.0
1540323523479653790,273.564666748,217.595794678,119.251037598,3.70541715622,18.6378593445,229.650115967,0.0
1540323523568228534,273.764678955,217.495788574,121.551002502,3.70541715622,18.6378593445,229.650115967,0.0
1540323523668696078,273.764678955,217.295776367,124.850952148,3.70541715622,18.6378593445,229.650115967,0.0
1540323523765352516,273.864685059,216.895751953,128.150909424,3.85541725159,18.6378593445,229.650115967,0.0
1540323523862249213,273.864685059,216.595733643,131.45111084,3.85541725159,18.6378593445,229.650115967,0.0
1540323523970050655,273.864685059,216.495727539,135.45135498,3.85541725159,18.6378593445,229.650115967,0.0
1540323524072953105,273.864685059,216.495727539,137.951507568,3.85541725159,18.6378593445,229.650115967,0.0
1540323524160466089,273.864685059,216.495727539,141.251708984,4.00541734695,18.6378593445,229.650115967,0.0
1540323524273540816,273.864685059,216.395721436,143.851867676,4.45541763306,18.6378593445,229.650115967,0.0
1540323524369905582,273.864685059,216.395721436,144.151885986,4.75541782379,18.6378593445,229.650115967,0.0
1540323524474064909,273.864685059,216.395721436,142.651794434,5.20541810989,18.6378593445,229.650115967,0.0
1540323524571690636,273.864685059,216.395721436,139.851623535,5.50541830063,18.6378593445,229.650115967,0.0
1540323524667676848,273.864685059,216.395721436,136.651428223,5.655418396,18.6378593445,229.650115967,0.0
1540323524771783133,273.864685059,216.395721436,133.351226807,5.80541849136,18.6378593445,229.650115967,0.0
1540323524864110084,273.864685059,216.395721436,130.851074219,5.95541858673,18.6378593445,229.650115967,0.0
1540323524973938531,273.864685059,216.395721436,127.650909424,6.25541877747,18.6378593445,229.650115967,0.0
1540323525069359707,273.764678955,216.395721436,123.750968933,6.40541887283,18.6378593445,229.650115967,0.0
1540323525169740981,273.664672852,216.395721436,120.551017761,6.70541906357,18.6378593445,229.650115967,0.0
1540323525267402257,273.264648438,216.395721436,117.551063538,7.0054192543,18.6378593445,229.650115967,0.0
1540323525369416826,272.76461792,216.295715332,114.95110321,7.15541934967,18.6378593445,229.650115967,0.0
1540323525474103897,271.664550781,215.795684814,110.751167297,7.45541954041,18.6378593445,230.400085449,0.0
1540323525567295551,270.864501953,215.295654297,108.351203918,7.45541954041,18.6378593445,233.249969482,0.0
1540323525671862392,269.664428711,214.395599365,104.351264954,7.45541954041,18.6378593445,238.649749756,0.0
1540323525768187643,269.06439209,213.995574951,101.751304626,7.45541954041,18.6378593445,242.099609375,0.0
1540323525869490942,268.264343262,213.595550537,98.5513534546,7.45541954041,18.6378593445,246.59942627,0.0
1540323525966427647,267.264282227,213.195526123,94.5514144897,7.30541944504,18.6378593445,251.999206543,0.0
1540323526069362523,266.564239502,212.995513916,91.2514648438,7.30541944504,18.6378593445,256.499023438,0.0
1540323526166549560,266.064208984,212.895507812,89.3514938354,7.15541934967,18.6378593445,260.098876953,0.0
1540323526277544179,265.264160156,212.895507812,87.1515274048,7.0054192543,18.6378593445,265.648651123,0.0
1540323526374612577,264.664123535,212.895507812,85.8515472412,6.85541915894,18.6378593445,270.148468018,0.0
1540323526462330408,264.164093018,212.895507812,84.9515609741,6.85541915894,18.6378593445,273.44833374,0.0
1540323526569356306,263.264038086,212.895507812,83.2515869141,6.85541915894,18.6378593445,278.848114014,0.0
1540323526675877628,262.263977051,212.895507812,81.1516189575,6.85541915894,18.6378593445,283.347930908,0.0
1540323526773975724,261.363922119,212.895507812,78.8516540527,6.85541915894,18.6378593445,287.697753906,0.0
1540323526869733972,260.663879395,212.895507812,77.3516769409,6.85541915894,18.6378593445,291.297607422,0.0
1540323526972084344,259.663818359,212.895507812,75.4517059326,6.85541915894,18.6378593445,296.697387695,0.0
1540323527080035763,258.863769531,212.895507812,74.6517181396,6.85541915894,18.6378593445,301.047210693,0.0
1540323527180832337,258.26373291,212.895507812,74.0517272949,6.85541915894,18.6378593445,305.247039795,0.0
1540323527273350278,258.063720703,212.895507812,73.7517318726,6.85541915894,18.6378593445,309.296875,0.0
1540323527376339315,257.863708496,212.895507812,73.8517303467,6.85541915894,18.6378593445,313.496704102,0.0
1540323527477526972,257.863708496,212.895507812,74.151725769,6.85541915894,18.6378593445,317.696533203,0.0
1540323527581170936,257.863708496,212.895507812,75.6517028809,6.85541915894,18.6378593445,322.046356201,0.0
1540323527676063791,258.26373291,213.09552002,78.3516616821,6.85541915894,18.6378593445,326.546173096,0.0
1540323527774076382,259.363800049,213.495544434,81.551612854,6.70541906357,18.6378593445,330.746002197,0.0
1540323527880671761,260.763885498,213.895568848,84.1515731812,6.70541906357,18.6378593445,335.095825195,0.0
1540323527973392195,262.363983154,214.295593262,86.4515380859,6.70541906357,18.6378593445,338.245697021,0.0
1540323528078588648,264.164093018,214.795623779,88.4515075684,6.5554189682,18.6378593445,343.495483398,0.0
1540323528181586180,266.264221191,215.195648193,90.2514801025,6.5554189682,18.6378593445,348.145294189,0.0
1540323528275826613,267.964324951,215.3956604,91.451461792,6.5554189682,18.6378593445,352.195129395,0.0
1540323528377573999,269.564422607,215.595672607,92.3514480591,6.40541887283,18.6378593445,355.79498291,0.0
1540323528474468749,270.864501953,215.695678711,92.8514404297,6.40541887283,18.6378593445,358.044891357,0.0
1540323528581684103,272.264587402,215.695678711,93.3514328003,6.40541887283,18.6378593445,359.394836426,0.0
1540323528668699121,273.364654541,215.695678711,93.5514297485,6.40541887283,18.6378593445,359.694824219,0.0
1540323528768188344,274.264709473,215.695678711,93.5514297485,6.40541887283,18.6378593445,359.694824219,0.0
1540323528868075516,274.864746094,215.595672607,93.4514312744,6.40541887283,18.6378593445,359.694824219,0.0
1540323528972651113,275.664794922,215.495666504,92.8514404297,6.40541887283,18.6378593445,359.694824219,0.0
1540323529067332884,276.364837646,214.995635986,92.1514511108,6.40541887283,18.6378593445,359.694824219,0.0
1540323529168606639,277.064880371,214.495605469,91.7514572144,6.40541887283,18.6378593445,359.694824219,0.0
1540323529263077515,277.464904785,213.995574951,91.7514572144,6.40541887283,18.6378593445,359.694824219,0.0
1540323529366340336,278.064941406,213.595550537,91.7514572144,6.40541887283,18.6378593445,359.694824219,0.0
1540323529472259040,278.364959717,213.295532227,91.7514572144,6.40541887283,18.6378593445,359.694824219,0.0
1540323529573737404,278.364959717,213.09552002,91.6514587402,6.40541887283,18.6378593445,359.694824219,0.0
1540323529672302674,278.16494751,212.695495605,90.8514709473,6.5554189682,18.6378593445,359.694824219,0.0
1540323529765650204,277.664916992,212.395477295,89.7514877319,6.5554189682,18.6378593445,359.694824219,0.0
1540323529869552051,275.964813232,211.995452881,88.151512146,6.5554189682,18.6378593445,359.694824219,0.0
1540323529964214714,274.46472168,211.69543457,87.4515228271,6.5554189682,18.6378593445,359.694824219,0.0
1540323530067951822,272.564605713,211.595428467,87.1515274048,6.5554189682,18.6378593445,359.694824219,0.0
1540323530174669100,270.264465332,211.595428467,87.0515289307,6.5554189682,18.6378593445,359.694824219,0.0
1540323530274759960,269.06439209,211.495422363,86.9515304565,6.5554189682,18.6378593445,359.694824219,0.0
1540323530371274182,268.164337158,211.495422363,86.4515380859,6.5554189682,18.6378593445,359.694824219,0.0
1540323530470553539,267.36428833,211.495422363,85.651550293,6.5554189682,18.6378593445,359.694824219,0.0
1540323530563350254,266.764251709,211.495422363,84.6515655518,6.5554189682,18.6378593445,359.694824219,0.0
1540323530672261887,265.864196777,211.495422363,81.9516067505,6.5554189682,18.6378593445,359.694824219,0.0
1540323530771456463,265.264160156,211.195404053,78.8516540527,6.70541906357,18.6378593445,359.694824219,0.0
1540323530865659097,264.664123535,210.695373535,76.3516921997,6.70541906357,18.6378593445,359.694824219,0.0
1540323530965066958,264.164093018,209.095275879,72.5517501831,6.70541906357,18.6378593445,359.694824219,0.0
1540323531071969576,264.064086914,207.195159912,70.4517822266,6.85541915894,18.6378593445,359.694824219,0.0
1540323531169504831,264.064086914,204.795013428,69.8517913818,6.85541915894,18.6378593445,359.694824219,0.0
1540323531272122158,264.064086914,201.994842529,69.951789856,6.85541915894,18.6378593445,359.694824219,0.0
1540323531376149149,264.064086914,199.494689941,70.6517791748,6.85541915894,18.6378593445,359.694824219,0.0
1540323531478212376,264.364105225,197.294555664,71.8517608643,6.85541915894,18.6378593445,359.694824219,0.0
1540323531583552913,264.964141846,195.19442749,73.251739502,6.85541915894,18.6378593445,359.694824219,0.0
1540323531668448904,265.36416626,194.094360352,74.2517242432,6.85541915894,18.6378593445,359.694824219,0.0
1540323531778131038,266.064208984,192.694274902,75.3517074585,6.70541906357,18.6378593445,359.694824219,0.0
1540323531861413648,266.464233398,192.194244385,75.8516998291,6.70541906357,18.6378593445,359.694824219,0.0
1540323531979537118,267.36428833,191.394195557,76.5516891479,6.70541906357,18.6378593445,359.694824219,0.0
1540323532068120437,267.964324951,190.994171143,77.0516815186,6.70541906357,18.6378593445,359.694824219,0.0
1540323532174382294,268.464355469,190.694152832,77.7516708374,6.70541906357,18.6378593445,359.694824219,0.0
1540323532265262111,268.864379883,190.694152832,78.4516601562,6.70541906357,18.6378593445,359.694824219,0.0
1540323532370116398,269.464416504,190.594146729,79.6516418457,6.70541906357,18.6378593445,359.694824219,0.0
1540323532471518709,269.964447021,190.594146729,81.1516189575,6.70541906357,18.6378593445,359.694824219,0.0
1540323532561424480,270.264465332,190.594146729,82.7515945435,6.70541906357,18.6378593445,359.694824219,0.0
1540323532670435692,270.664489746,190.594146729,86.3515396118,6.70541906357,18.6378593445,359.694824219,0.0
1540323532768416253,271.06451416,190.594146729,89.6514892578,6.5554189682,18.6378593445,359.694824219,0.0
1540323532865848310,271.264526367,190.594146729,92.0514526367,6.5554189682,18.6378593445,359.694824219,0.0
1540323532966466070,271.364532471,190.594146729,95.4514007568,6.25541877747,18.6378593445,359.694824219,0.0
1540323533064173961,271.364532471,190.594146729,98.851348877,6.1054186821,18.6378593445,359.694824219,0.0
1540323533177529180,271.364532471,190.594146729,103.05128479,5.95541858673,18.6378593445,359.694824219,0.0
1540323533265286495,271.364532471,190.594146729,105.451248169,5.95541858673,18.6378593445,359.694824219,0.0
1540323533364671076,271.764556885,190.494140625,108.051208496,5.80541849136,18.6378593445,359.694824219,0.0
1540323533465331083,272.064575195,190.494140625,108.851196289,5.80541849136,18.6378593445,359.694824219,0.0
1540323533563816259,272.564605713,190.494140625,109.151191711,5.80541849136,18.6378593445,359.694824219,0.0
1540323533670587454,273.264648438,190.494140625,109.051193237,5.80541849136,18.6378593445,359.694824219,0.0
1540323533770274410,274.164703369,190.494140625,108.351203918,5.80541849136,18.6378593445,359.694824219,0.0
1540323533879642720,275.064758301,190.494140625,106.951225281,5.80541849136,18.6378593445,359.694824219,0.0
1540323533970980975,275.864807129,190.494140625,105.451248169,5.80541849136,18.6378593445,359.694824219,0.0
1540323534071365370,276.664855957,190.494140625,103.751274109,5.80541849136,18.6378593445,359.694824219,0.0
1540323534173925694,277.464904785,190.494140625,101.951301575,5.80541849136,18.6378593445,359.694824219,0.0
1540323534270625202,278.264953613,190.494140625,100.051330566,5.80541849136,18.6378593445,359.694824219,0.0
1540323534373174343,279.065002441,190.494140625,97.5513687134,5.95541858673,18.6378593445,359.694824219,0.0
1540323534470743138,279.765045166,190.494140625,94.8514099121,5.95541858673,18.6378593445,359.694824219,0.0
1540323534568837680,280.465087891,190.494140625,92.0514526367,5.95541858673,18.6378593445,359.694824219,0.0
1540323534670269962,280.965118408,190.394134521,89.5514907837,5.95541858673,18.6378593445,359.694824219,0.0
1540323534767190618,281.365142822,190.394134521,87.8515167236,6.1054186821,18.6378593445,359.694824219,0.0
1540323534873135903,281.665161133,190.394134521,86.8515319824,6.1054186821,18.6378593445,359.694824219,0.0
1540323534966812711,281.665161133,190.394134521,86.8515319824,6.1054186821,18.6378593445,359.694824219,0.0
1540323535062756570,281.765167236,190.394134521,87.7515182495,5.95541858673,18.6378593445,359.694824219,0.0
1540323535170497496,281.765167236,190.394134521,91.0514678955,5.95541858673,18.6378593445,359.694824219,0.0
1540323535268127373,281.665161133,190.394134521,94.2514190674,5.95541858673,18.6378593445,359.694824219,0.0
1540323535366334999,281.565155029,190.394134521,97.5513687134,5.95541858673,18.6378593445,359.694824219,0.0
1540323535473532433,281.465148926,190.394134521,100.951316833,5.80541849136,18.6378593445,359.694824219,0.0
1540323535572508517,281.265136719,190.394134521,104.051269531,5.80541849136,18.6378593445,359.694824219,0.0
1540323535672538399,281.165130615,190.394134521,106.051239014,5.80541849136,18.6378593445,359.694824219,0.0
1540323535765233222,281.165130615,190.394134521,107.051223755,5.80541849136,18.6378593445,359.694824219,0.0
1540323535870060742,281.065124512,190.394134521,107.6512146,5.655418396,18.6378593445,359.694824219,0.0
1540323535969326101,281.065124512,190.394134521,108.251205444,5.655418396,18.6378593445,359.694824219,0.0
1540323536069464835,281.065124512,190.394134521,108.851196289,5.655418396,18.6378593445,359.694824219,0.0
1540323536172238815,281.065124512,190.394134521,109.451187134,5.655418396,18.6378593445,359.694824219,0.0
1540323536264792211,281.065124512,190.394134521,110.451171875,5.655418396,18.6378593445,359.694824219,0.0
1540323536365553692,281.065124512,190.394134521,110.951164246,5.655418396,18.6378593445,359.694824219,0.0
1540323536469499570,281.265136719,190.394134521,111.251159668,5.50541830063,18.6378593445,359.694824219,0.0
1540323536572410522,281.465148926,190.394134521,111.251159668,5.50541830063,18.6378593445,359.694824219,0.0
1540323536670179371,281.765167236,190.394134521,111.251159668,5.50541830063,18.6378593445,359.694824219,0.0
1540323536764152244,281.965179443,190.394134521,111.151161194,5.50541830063,18.6378593445,359.694824219,0.0
1540323536866477542,282.065185547,190.394134521,111.251159668,5.50541830063,18.6378593445,359.694824219,0.0
1540323536963996040,282.065185547,190.394134521,111.251159668,5.50541830063,18.6378593445,359.694824219,0.0
1540323537075440810,282.065185547,190.394134521,112.251144409,5.50541830063,18.6378593445,359.694824219,0.0
1540323537177549092,281.965179443,190.394134521,113.751121521,5.50541830063,18.6378593445,359.694824219,0.0
1540323537268634805,281.86517334,190.394134521,115.751091003,5.35541820526,18.6378593445,359.694824219,0.0
1540323537362178822,281.465148926,190.394134521,117.351066589,5.35541820526,18.6378593445,359.694824219,0.0
1540323537473372755,280.465087891,190.394134521,120.051025391,5.35541820526,18.6378593445,359.694824219,0.0
1540323537564192976,279.86505127,190.394134521,121.551002502,5.20541810989,18.6378593445,359.694824219,0.0
1540323537667904153,278.964996338,190.394134521,123.550971985,5.20541810989,18.6378593445,359.694824219,0.0
1540323537768122712,278.064941406,190.394134521,124.750953674,5.20541810989,18.6378593445,359.694824219,0.0
1540323537869375342,277.264892578,190.394134521,125.050949097,5.20541810989,18.6378593445,359.694824219,0.0
1540323537967756886,276.564849854,190.394134521,124.950950623,5.05541801453,18.6378593445,359.694824219,0.0
1540323538066587949,275.764801025,190.394134521,124.750953674,5.20541810989,18.6378593445,359.694824219,0.0
1540323538171267960,274.864746094,190.394134521,123.950965881,5.20541810989,18.6378593445,359.694824219,0.0
1540323538262291395,274.164703369,190.394134521,122.750984192,5.20541810989,18.6378593445,359.694824219,0.0
1540323538371539484,272.76461792,190.394134521,119.751029968,5.20541810989,18.6378593445,359.694824219,0.0
1540323538466746464,271.964569092,190.394134521,117.351066589,5.20541810989,18.6378593445,359.694824219,0.0
1540323538569499720,270.464477539,190.394134521,113.351127625,5.35541820526,18.6378593445,359.694824219,0.0
1540323538673729251,269.164398193,190.394134521,110.051177979,5.50541830063,18.6378593445,359.694824219,0.0
1540323538767666900,267.864318848,190.394134521,106.751228333,5.655418396,18.6378593445,359.694824219,0.0
1540323538867294755,266.964263916,190.394134521,104.251266479,5.80541849136,18.6378593445,359.694824219,0.0
1540323538969645535,265.66418457,190.394134521,100.151329041,6.1054186821,18.6378593445,359.694824219,0.0
1540323539068366677,264.864135742,190.394134521,97.5513687134,6.25541877747,18.6378593445,359.694824219,0.0
1540323539166612192,263.864074707,190.394134521,94.3514175415,6.40541887283,18.6378593445,359.694824219,0.0
1540323539273547439,262.964019775,190.494140625,90.3514785767,6.70541906357,18.6378593445,359.694824219,0.0
1540323539363191718,262.263977051,190.794158936,87.8515167236,6.70541906357,18.6378593445,359.694824219,0.0
1540323539466674220,261.263916016,191.49420166,84.7515640259,7.0054192543,18.6378593445,359.694824219,0.0
1540323539572357236,260.363861084,192.194244385,80.8516235352,7.0054192543,18.6378593445,359.694824219,0.0
1540323539679785267,259.363800049,192.994293213,77.6516723633,7.15541934967,18.6378593445,359.694824219,0.0
1540323539769341772,258.563751221,193.694335938,74.5517196655,7.15541934967,18.6378593445,359.694824219,0.0
1540323539867200562,257.663696289,194.394378662,71.651763916,7.15541934967,18.6378593445,359.694824219,0.0
1540323539970290668,256.763641357,195.19442749,68.4518127441,7.0054192543,18.6378593445,359.694824219,0.0
1540323540071374859,255.863586426,196.394500732,65.051864624,7.0054192543,18.6378593445,359.694824219,0.0
1540323540166072725,255.163543701,197.894592285,61.751914978,7.0054192543,18.6378593445,359.694824219,0.0
1540323540270267680,254.863525391,199.294677734,58.451965332,7.0054192543,18.6378593445,359.694824219,0.0
1540323540369529011,254.863525391,200.494750977,55.6520080566,7.0054192543,18.6378593445,359.694824219,0.0
1540323540464845024,254.863525391,201.294799805,54.0520324707,7.0054192543,18.6378593445,359.694824219,0.0
1540323540568332138,254.863525391,202.29486084,52.1520614624,6.85541915894,18.6378593445,359.694824219,0.0
1540323540663104193,255.063537598,202.694885254,51.4520721436,6.85541915894,18.6378593445,359.694824219,0.0
1540323540768375167,255.763580322,202.894897461,50.5520858765,6.70541906357,18.787858963,359.544830322,0.0
1540323540871491352,256.763641357,202.794891357,50.5520858765,6.70541906357,18.6378593445,357.294921875,0.0
1540323540965769070,257.563690186,202.794891357,50.5520858765,6.70541906357,18.6378593445,353.845062256,0.0
1540323541072594282,258.763763428,202.494873047,51.2520751953,6.70541906357,18.6378593445,348.595275879,0.0
1540323541162032649,259.563812256,202.194854736,51.9520645142,6.70541906357,18.6378593445,345.445404053,0.0
1540323541274878334,261.163909912,201.994842529,53.0520477295,6.70541906357,18.6378593445,340.045623779,0.0
1540323541364196771,262.263977051,201.994842529,53.5520401001,6.70541906357,18.6378593445,336.745758057,0.0
1540323541466182420,264.064086914,201.994842529,54.1520309448,6.70541906357,18.6378593445,332.395935059,0.0
1540323541573880726,265.564178467,202.094848633,54.1520309448,6.70541906357,18.6378593445,326.546173096,0.0
1540323541665775083,266.564239502,202.29486084,53.8520355225,6.70541906357,18.6378593445,323.096313477,0.0
1540323541769350021,267.464294434,202.794891357,53.2520446777,6.70541906357,18.6378593445,317.8465271,0.0
1540323541861591056,267.964324951,203.094909668,52.7520523071,6.70541906357,18.6378593445,314.39666748,0.0
1540323541966142363,268.764373779,203.694946289,51.9520645142,6.70541906357,18.6378593445,308.846893311,0.0
1540323542068181916,269.164398193,203.894958496,51.4520721436,6.70541906357,18.6378593445,304.19708252,0.0
1540323542168233921,269.464416504,203.9949646,50.9520797729,6.70541906357,18.6378593445,299.547271729,0.0
1540323542268225815,269.664428711,203.9949646,50.7520828247,6.70541906357,18.6378593445,295.047454834,0.0
1540323542371438650,269.864440918,203.9949646,50.6520843506,6.70541906357,18.6378593445,290.697631836,0.0
1540323542470344032,269.864440918,203.9949646,50.6520843506,6.70541906357,18.6378593445,286.197814941,0.0
1540323542572167391,269.864440918,204.094970703,50.6520843506,6.70541906357,18.6378593445,281.847991943,0.0
1540323542670079950,269.864440918,204.094970703,50.5520858765,6.70541906357,18.6378593445,277.498168945,0.0
1540323542765017907,269.864440918,204.094970703,50.5520858765,6.70541906357,18.6378593445,274.198303223,0.0
1540323542865435645,269.864440918,204.094970703,50.5520858765,6.70541906357,18.6378593445,268.798522949,0.0
1540323542972059709,269.864440918,204.094970703,50.5520858765,6.70541906357,18.6378593445,264.148712158,0.0
1540323543073387266,269.864440918,204.094970703,50.5520858765,6.70541906357,18.6378593445,259.648895264,0.0
1540323543167945929,269.864440918,204.094970703,50.6520843506,6.70541906357,18.6378593445,255.149078369,0.0
1540323543267602897,269.864440918,204.094970703,50.8520812988,6.70541906357,18.6378593445,250.799255371,0.0
1540323543367073868,269.864440918,204.094970703,51.4520721436,6.70541906357,18.6378593445,247.049407959,0.0
1540323543466273341,269.864440918,204.094970703,53.2520446777,6.70541906357,18.6378593445,241.499633789,0.0
1540323543566818735,269.864440918,204.094970703,55.8520050049,6.5554189682,18.6378593445,236.999816895,0.0
1540323543671851063,269.864440918,204.094970703,58.9519577026,6.5554189682,18.6378593445,233.399963379,0.0
1540323543770497956,269.964447021,204.094970703,61.5519180298,6.5554189682,18.6378593445,231.750030518,0.0
1540323543865271593,269.964447021,204.094970703,63.1518936157,6.40541887283,18.787858963,231.900024414,0.0
1540323543973798042,269.864440918,204.094970703,65.4518585205,6.40541887283,18.6378593445,234.299926758,0.0
1540323544069593205,269.764434814,204.094970703,67.0518341064,6.25541877747,18.6378593445,238.799743652,0.0
1540323544171510683,269.464416504,204.094970703,68.2518157959,6.25541877747,18.6378593445,243.14956665,0.0
1540323544267134880,269.06439209,204.094970703,69.3517990112,6.25541877747,18.6378593445,247.349395752,0.0
1540323544365135108,268.564361572,204.094970703,70.0517883301,6.1054186821,18.6378593445,251.549224854,0.0
1540323544471250180,267.964324951,204.094970703,70.5517807007,6.1054186821,18.6378593445,255.899047852,0.0
1540323544571994812,267.464294434,203.9949646,70.7517776489,6.1054186821,18.6378593445,260.24887085,0.0
1540323544663109459,267.06427002,203.9949646,70.851776123,6.1054186821,18.6378593445,263.698730469,0.0
1540323544761681219,266.564239502,203.794952393,71.2517700195,6.1054186821,18.6378593445,268.048553467,0.0
1540323544866969822,266.064208984,203.494934082,71.9517593384,6.1054186821,18.6378593445,272.698364258,0.0
1540323544973556793,265.66418457,203.294921875,72.9517440796,6.1054186821,18.6378593445,278.548126221,0.0
1540323545069351627,265.464172363,203.294921875,73.7517318726,5.95541858673,18.6378593445,282.747955322,0.0
1540323545170400219,265.264160156,203.294921875,74.3517227173,5.95541858673,18.6378593445,287.09777832,0.0
1540323545269968900,265.264160156,203.294921875,74.8517150879,5.95541858673,18.6378593445,291.297607422,0.0
1540323545366710414,265.264160156,203.294921875,75.3517074585,5.95541858673,18.6378593445,295.797424316,0.0
1540323545468563934,264.964141846,203.294921875,75.6517028809,5.95541858673,18.6378593445,300.447235107,0.0
1540323545568476741,264.664123535,203.294921875,75.8516998291,5.95541858673,18.6378593445,304.947052002,0.0
1540323545674672648,264.664123535,203.294921875,75.9516983032,5.95541858673,18.6378593445,309.296875,0.0
1540323545772568016,264.664123535,203.294921875,75.9516983032,5.95541858673,18.6378593445,313.646697998,0.0
1540323545878284674,264.664123535,203.294921875,75.9516983032,5.95541858673,18.6378593445,318.146514893,0.0
1540323545971319007,264.664123535,203.294921875,75.9516983032,5.95541858673,18.6378593445,322.646331787,0.0
1540323546074391338,264.664123535,203.294921875,75.8516998291,5.95541858673,18.6378593445,326.996154785,0.0
1540323546170073548,264.664123535,203.294921875,75.9516983032,5.95541858673,18.6378593445,330.296020508,0.0
1540323546266393859,264.664123535,203.194915771,76.1516952515,5.95541858673,18.6378593445,334.645843506,0.0
1540323546361239541,264.664123535,202.794891357,77.3516769409,5.80541849136,18.787858963,338.995666504,0.0
1540323546463276164,264.664123535,201.694824219,79.9516372681,5.80541849136,18.6378593445,344.69543457,0.0
1540323546563798854,264.664123535,200.494750977,81.2516174316,5.80541849136,18.6378593445,348.295288086,0.0
1540323546666435374,264.764129639,197.994598389,81.7516098022,5.655418396,18.6378593445,353.845062256,0.0
1540323546765553421,264.964141846,196.194488525,81.4516143799,5.80541849136,18.6378593445,356.844940186,0.0
1540323546866173852,265.36416626,193.694335938,79.4516448975,5.80541849136,18.6378593445,359.094848633,0.0
1540323546972829429,265.864196777,192.294250488,76.3516921997,5.80541849136,18.6378593445,360.294799805,0.0
1540323547079651201,266.464233398,191.294189453,72.7517471313,5.80541849136,18.6378593445,360.294799805,0.0
1540323547163258711,266.864257812,190.894165039,69.8517913818,5.80541849136,18.6378593445,360.294799805,0.0
1540323547268138322,267.164276123,190.594146729,67.7518234253,5.80541849136,18.6378593445,360.294799805,0.0
1540323547372496900,267.464294434,190.594146729,67.0518341064,5.95541858673,18.6378593445,360.294799805,0.0
1540323547464187057,267.764312744,190.594146729,67.1518325806,5.95541858673,18.6378593445,360.294799805,0.0
1540323547568813135,267.964324951,190.694152832,67.6518249512,5.95541858673,18.6378593445,360.294799805,0.0
1540323547668215379,268.164337158,191.094177246,68.4518127441,5.95541858673,18.6378593445,360.144805908,0.0
1540323547769370570,268.364349365,191.794219971,68.5518112183,5.95541858673,18.6378593445,357.444915771,0.0
1540323547866778630,268.564361572,192.294250488,67.8518218994,5.95541858673,18.6378593445,353.095092773,0.0
1540323547967533369,268.564361572,193.094299316,66.3518447876,5.95541858673,18.6378593445,348.445281982,0.0
1540323548080640103,268.664367676,193.49432373,64.6518707275,5.95541858673,18.6378593445,343.945465088,0.0
1540323548170485126,268.664367676,193.794342041,63.5518875122,5.95541858673,18.6378593445,340.495605469,0.0
1540323548265292570,268.764373779,194.094360352,62.1519088745,5.95541858673,18.6378593445,335.245819092,0.0
1540323548370550089,268.964385986,194.394378662,61.1519241333,6.1054186821,18.6378593445,330.596008301,0.0
1540323548475501486,269.264404297,194.594390869,60.6519317627,6.1054186821,18.6378593445,325.94619751,0.0
1540323548563606478,269.464416504,194.89440918,60.4519348145,6.1054186821,18.6378593445,321.596374512,0.0
1540323548664537992,269.764434814,195.094421387,60.4519348145,6.1054186821,18.6378593445,318.296508789,0.0
1540323548770187783,270.164459229,195.19442749,60.4519348145,6.1054186821,18.6378593445,312.596740723,0.0
1540323548869630402,270.464477539,195.394439697,60.5519332886,6.1054186821,18.6378593445,308.096923828,0.0
1540323548972651057,270.964508057,195.794464111,61.3519210815,6.1054186821,18.6378593445,303.897094727,0.0
1540323549072357107,271.564544678,196.194488525,62.551902771,6.1054186821,18.6378593445,299.397277832,0.0
1540323549169143327,272.064575195,196.594512939,63.9518814087,6.1054186821,18.6378593445,295.047454834,0.0
1540323549266967266,272.664611816,196.89453125,65.1518630981,6.1054186821,18.6378593445,290.547637939,0.0
1540323549369682644,273.06463623,197.094543457,66.0518493652,6.1054186821,18.6378593445,286.347808838,0.0
1540323549470355284,273.464660645,197.294555664,66.7518386841,6.1054186821,18.6378593445,282.147979736,0.0
1540323549571424020,273.764678955,197.294555664,67.3518295288,6.1054186821,18.6378593445,277.648162842,0.0
1540323549671563224,274.064697266,197.294555664,67.8518218994,6.1054186821,18.6378593445,273.298339844,0.0
1540323549763602956,274.264709473,197.294555664,68.1518173218,6.1054186821,18.6378593445,269.848480225,0.0
1540323549871698061,274.46472168,197.294555664,68.6518096924,6.1054186821,18.6378593445,265.648651123,0.0
1540323549965470455,274.664733887,197.294555664,69.0518035889,6.1054186821,18.6378593445,261.298828125,0.0
1540323550069474905,274.76473999,197.294555664,69.4517974854,5.95541858673,18.6378593445,256.049041748,0.0
1540323550177725613,274.76473999,197.294555664,69.951789856,5.95541858673,18.6378593445,251.399230957,0.0
1540323550274131536,274.76473999,197.394561768,70.2517852783,5.95541858673,18.6378593445,246.59942627,0.0
1540323550365469501,274.76473999,197.494567871,70.3517837524,5.95541858673,18.6378593445,242.249603271,0.0
1540323550473436526,274.76473999,197.794586182,70.2517852783,5.95541858673,18.6378593445,237.899780273,0.0
1540323550573683024,274.76473999,198.194610596,70.1517868042,5.95541858673,18.6378593445,234.149932861,0.0
1540323550665766267,274.76473999,198.494628906,69.7517929077,6.1054186821,18.6378593445,231.750030518,0.0
1540323550768751649,274.76473999,198.89465332,69.2518005371,6.1054186821,18.6378593445,230.550079346,0.0
1540323550865246978,274.76473999,199.194671631,68.9518051147,6.1054186821,18.6378593445,230.100097656,0.0
1540323550976491857,274.76473999,199.894714355,68.7518081665,6.1054186821,18.6378593445,230.100097656,0.0
1540323551065623114,274.76473999,200.494750977,68.7518081665,6.1054186821,18.6378593445,229.95010376,0.0
1540323551171589846,274.664733887,201.394805908,68.9518051147,5.95541858673,18.6378593445,229.95010376,0.0
1540323551268110811,274.564727783,202.394866943,69.2518005371,5.95541858673,18.6378593445,229.95010376,0.0
1540323551371670941,274.264709473,203.394927979,69.951789856,5.95541858673,18.6378593445,229.95010376,0.0
1540323551474453755,273.764678955,204.394989014,70.851776123,5.95541858673,18.6378593445,229.95010376,0.0
1540323551568397063,273.464660645,205.295043945,71.8517608643,5.95541858673,18.6378593445,230.100097656,0.0
1540323551679284967,273.06463623,206.195098877,72.6517486572,5.95541858673,18.6378593445,231.000061035,0.0
1540323551768677595,272.864624023,206.595123291,73.251739502,5.95541858673,18.6378593445,233.849945068,0.0
1540323551872585935,272.564605713,207.195159912,74.5517196655,5.80541849136,18.6378593445,239.249725342,0.0
1540323551963172145,272.464599609,207.595184326,75.4517059326,5.80541849136,18.6378593445,242.699584961,0.0
1540323552067171158,272.164581299,207.895202637,76.7516860962,5.80541849136,18.6378593445,247.949371338,0.0
1540323552168354779,271.664550781,207.99520874,77.3516769409,5.80541849136,18.6378593445,252.449188232,0.0
1540323552268117959,271.06451416,208.095214844,77.6516723633,5.80541849136,18.6378593445,256.949005127,0.0
1540323552369207292,270.664489746,208.095214844,77.7516708374,5.80541849136,18.6378593445,261.898803711,0.0
1540323552482730713,270.364471436,208.095214844,77.7516708374,5.80541849136,18.6378593445,266.248626709,0.0
1540323552573963090,270.064453125,207.99520874,77.7516708374,5.80541849136,18.6378593445,270.598449707,0.0
1540323552667778358,269.864440918,207.99520874,77.7516708374,5.80541849136,18.6378593445,275.098266602,0.0
1540323552769849082,269.664428711,207.795196533,77.7516708374,5.80541849136,18.6378593445,279.598083496,0.0
1540323552867123503,269.564422607,207.595184326,77.7516708374,5.80541849136,18.6378593445,283.947906494,0.0
1540323552965114952,269.564422607,207.395172119,77.7516708374,5.80541849136,18.6378593445,287.54776001,0.0
1540323553064808414,269.564422607,207.295166016,77.7516708374,5.80541849136,18.6378593445,292.047576904,0.0
1540323553181277942,269.564422607,207.095153809,77.7516708374,5.80541849136,18.6378593445,297.597351074,0.0
1540323553265273429,269.564422607,206.895141602,77.7516708374,5.80541849136,18.6378593445,301.947174072,0.0
1540323553371528575,269.564422607,206.895141602,77.7516708374,5.80541849136,18.6378593445,305.397033691,0.0
1540323553466681115,269.464416504,206.895141602,77.7516708374,5.80541849136,18.6378593445,310.796813965,0.0
1540323553563395543,269.06439209,206.895141602,77.7516708374,5.80541849136,18.6378593445,314.996643066,0.0
1540323553673703537,268.864379883,206.795135498,77.6516723633,5.80541849136,18.6378593445,319.94644165,0.0
1540323553775362065,268.864379883,206.795135498,77.3516769409,5.80541849136,18.6378593445,324.146270752,0.0
1540323553863869467,268.664367676,206.795135498,77.1516799927,5.80541849136,18.6378593445,327.596130371,0.0
1540323553970213263,267.964324951,206.895141602,76.5516891479,5.80541849136,18.6378593445,332.995910645,0.0
1540323554066203921,267.564300537,207.395172119,76.0516967773,5.80541849136,18.6378593445,337.345733643,0.0
1540323554166509328,267.36428833,208.595245361,75.751701355,5.80541849136,18.6378593445,341.695556641,0.0
1540323554270580095,267.06427002,210.195343018,75.6517028809,5.80541849136,18.6378593445,346.195373535,0.0
1540323554374077865,266.864257812,212.195465088,75.4517059326,5.80541849136,18.6378593445,350.69519043,0.0
1540323554462293773,266.864257812,213.195526123,75.0517120361,5.80541849136,18.6378593445,354.145050049,0.0
1540323554563341733,266.864257812,214.495605469,73.251739502,5.80541849136,18.6378593445,357.894897461,0.0
1540323554670721840,266.764251709,214.995635986,70.5517807007,5.95541858673,18.6378593445,359.694824219,0.0
1540323554766318956,266.764251709,215.195648193,67.4518280029,5.95541858673,18.6378593445,360.144805908,0.0
1540323554872116791,266.764251709,215.195648193,64.9518661499,5.95541858673,18.6378593445,360.144805908,0.0
1540323554968671680,266.664245605,215.195648193,63.0518951416,5.95541858673,18.6378593445,360.144805908,0.0
1540323555068547866,266.564239502,215.09564209,61.6519165039,5.95541858673,18.6378593445,360.144805908,0.0
1540323555167875542,266.564239502,214.495605469,60.5519332886,5.95541858673,18.6378593445,360.144805908,0.0
1540323555272741485,266.564239502,213.295532227,59.8519439697,6.1054186821,18.6378593445,360.144805908,0.0
1540323555365594895,266.564239502,211.495422363,59.5519485474,6.1054186821,18.6378593445,360.144805908,0.0
1540323555466508211,266.564239502,209.095275879,59.4519500732,6.1054186821,18.6378593445,360.144805908,0.0
1540323555565650165,266.964263916,206.395111084,59.4519500732,6.1054186821,18.6378593445,360.144805908,0.0
1540323555668123035,267.564300537,203.494934082,59.4519500732,6.1054186821,18.6378593445,360.144805908,0.0
1540323555771464864,268.164337158,200.694763184,59.4519500732,6.1054186821,18.6378593445,360.144805908,0.0
1540323555868176788,268.864379883,198.094604492,58.9519577026,6.1054186821,18.6378593445,360.144805908,0.0
1540323555972706116,269.564422607,195.894470215,57.9519729614,6.1054186821,18.6378593445,360.144805908,0.0
1540323556071206658,270.164459229,193.994354248,56.3519973755,6.25541877747,18.6378593445,360.144805908,0.0
1540323556177262830,270.76449585,192.794281006,54.8520202637,6.25541877747,18.6378593445,360.144805908,0.0
1540323556272473007,271.264526367,191.994232178,53.6520385742,6.25541877747,18.6378593445,360.144805908,0.0
1540323556371072538,271.664550781,191.794219971,52.5520553589,6.25541877747,18.6378593445,360.144805908,0.0
1540323556471398187,271.864562988,191.894226074,52.1520614624,6.40541887283,18.6378593445,360.144805908,0.0
1540323556566703721,271.864562988,192.494262695,52.4520568848,6.40541887283,18.6378593445,360.144805908,0.0
1540323556667350768,271.964569092,193.694335938,54.6520233154,6.25541877747,18.6378593445,360.144805908,0.0
1540323556772445277,271.964569092,195.294433594,57.6519775391,6.25541877747,18.6378593445,360.144805908,0.0
1540323556866674711,271.864562988,196.794525146,60.9519271851,6.1054186821,18.6378593445,360.144805908,0.0
1540323556968192947,271.864562988,198.194610596,64.2518768311,5.95541858673,18.6378593445,360.144805908,0.0
1540323557064146048,271.664550781,199.394683838,67.6518249512,5.655418396,18.6378593445,360.144805908,0.0
1540323557170364208,271.464538574,200.394744873,70.9517745972,5.50541830063,18.6378593445,360.144805908,0.0
1540323557273557244,271.264526367,201.294799805,74.5517196655,5.20541810989,18.6378593445,360.144805908,0.0
1540323557368182348,271.06451416,201.794830322,77.7516708374,4.90541791916,18.6378593445,360.144805908,0.0
1540323557463116915,270.864501953,202.094848633,80.9516220093,4.75541782379,18.6378593445,360.144805908,0.0
1540323557575356154,270.664489746,202.194854736,84.2515716553,4.60541772842,18.6378593445,360.144805908,0.0
1540323557667547492,270.464477539,202.29486084,87.351524353,4.60541772842,18.6378593445,360.144805908,0.0
1540323557771441305,270.464477539,202.29486084,90.3514785767,4.60541772842,18.6378593445,360.144805908,0.0
1540323557861800681,270.464477539,202.194854736,92.7514419556,4.60541772842,18.6378593445,360.144805908,0.0
1540323557972831239,270.464477539,201.794830322,96.6513824463,4.75541782379,18.6378593445,360.144805908,0.0
1540323558071748549,270.464477539,200.794769287,99.751335144,4.75541782379,18.6378593445,360.144805908,0.0
1540323558164533946,270.464477539,199.294677734,102.851287842,4.75541782379,18.6378593445,360.144805908,0.0
1540323558269533649,270.564483643,197.294555664,104.75125885,4.90541791916,18.6378593445,360.144805908,0.0
1540323558371446366,270.964508057,195.294433594,105.251251221,5.05541801453,18.6378593445,360.144805908,0.0
1540323558464677274,271.564544678,193.694335938,104.351264954,5.20541810989,18.6378593445,360.144805908,0.0
1540323558564981191,272.264587402,192.394256592,101.751304626,5.35541820526,18.6378593445,357.744903564,0.0
1540323558670256623,272.964630127,191.694213867,98.5513534546,5.50541830063,18.6378593445,353.24508667,0.0
1540323558765873853,273.464660645,191.394195557,95.9513931274,5.655418396,18.6378593445,349.795227051,0.0
1540323558862700523,273.764678955,191.294189453,91.9514541626,5.80541849136,18.6378593445,344.545440674,0.0
1540323558964449191,274.064697266,191.19418335,88.5515060425,5.95541858673,18.6378593445,339.895629883,0.0
1540323559066157557,274.364715576,191.19418335,85.1515579224,6.1054186821,18.6378593445,335.095825195,0.0
1540323559167180783,274.364715576,191.19418335,82.1516036987,6.25541877747,18.6378593445,330.746002197,0.0
1540323559278632304,274.364715576,191.19418335,79.5516433716,6.25541877747,18.6378593445,325.796203613,0.0
1540323559361173148,274.364715576,191.19418335,78.251663208,6.40541887283,18.6378593445,322.346343994,0.0
1540323559466203665,274.364715576,191.19418335,76.9516830444,6.40541887283,18.6378593445,316.946563721,0.0
1540323559572983222,274.364715576,191.19418335,76.5516891479,6.40541887283,18.6378593445,312.29675293,0.0
1540323559675802503,274.364715576,191.19418335,76.4516906738,6.40541887283,18.6378593445,307.946929932,0.0
1540323559776374653,274.364715576,191.19418335,76.3516921997,6.40541887283,18.6378593445,303.297119141,0.0
1540323559874775552,274.364715576,191.19418335,76.3516921997,6.40541887283,18.6378593445,298.797302246,0.0
1540323559967213730,274.46472168,191.19418335,76.4516906738,6.40541887283,18.6378593445,294.747467041,0.0
1540323560071303175,274.664733887,191.19418335,76.6516876221,6.40541887283,18.6378593445,290.247650146,0.0
1540323560166309708,274.664733887,191.19418335,77.1516799927,6.40541887283,18.6378593445,285.897827148,0.0
1540323560272555197,274.76473999,191.19418335,77.6516723633,6.40541887283,18.6378593445,280.948028564,0.0
1540323560366551142,274.76473999,191.19418335,77.9516677856,6.40541887283,18.6378593445,276.898193359,0.0
1540323560472882447,274.76473999,191.19418335,78.1516647339,6.40541887283,18.6378593445,272.248382568,0.0
1540323560571304152,274.76473999,191.19418335,78.1516647339,6.40541887283,18.6378593445,267.89855957,0.0
1540323560675463504,274.76473999,191.19418335,78.251663208,6.40541887283,18.6378593445,263.548736572,0.0
1540323560776886330,274.76473999,191.19418335,78.6516571045,6.40541887283,18.6378593445,258.748931885,0.0
1540323560881479305,274.76473999,191.19418335,79.051651001,6.40541887283,18.6378593445,254.399108887,0.0
1540323560967173652,274.76473999,191.19418335,79.1516494751,6.40541887283,18.6378593445,251.549224854,0.0
1540323561082309394,274.76473999,191.19418335,79.1516494751,6.40541887283,18.6378593445,251.399230957,0.0
1540323561169715891,274.76473999,191.19418335,78.8516540527,6.40541887283,18.6378593445,251.69921875,0.0
1540323561270656148,274.76473999,191.294189453,78.251663208,6.40541887283,18.6378593445,255.149078369,0.0
1540323561372000187,274.76473999,191.694213867,77.3516769409,6.40541887283,18.6378593445,259.348907471,0.0
1540323561475882580,274.76473999,192.094238281,76.5516891479,6.40541887283,18.6378593445,263.698730469,0.0
1540323561568724899,274.76473999,192.594268799,75.9516983032,6.40541887283,18.6378593445,268.198547363,0.0
1540323561666674455,274.76473999,192.994293213,75.5517044067,6.40541887283,18.6378593445,272.698364258,0.0
1540323561769930870,274.76473999,193.294311523,75.4517059326,6.40541887283,18.6378593445,277.198181152,0.0
1540323561869486289,274.76473999,193.49432373,75.3517074585,6.40541887283,18.6378593445,281.697998047,0.0
1540323561961702849,274.76473999,193.794342041,75.4517059326,6.40541887283,18.6378593445,284.99786377,0.0
1540323562072636297,274.76473999,194.094360352,75.5517044067,6.40541887283,18.6378593445,290.397644043,0.0
1540323562168217619,274.76473999,194.294372559,75.751701355,6.40541887283,18.6378593445,294.597473145,0.0
1540323562269380506,274.864746094,194.394378662,76.1516952515,6.40541887283,18.6378593445,299.247283936,0.0
1540323562372700710,274.864746094,194.494384766,76.5516891479,6.40541887283,18.6378593445,303.897094727,0.0
1540323562473655960,274.864746094,194.494384766,76.8516845703,6.40541887283,18.6378593445,308.396911621,0.0
1540323562567179816,274.864746094,194.494384766,77.0516815186,6.40541887283,18.6378593445,312.596740723,0.0
1540323562667119375,274.864746094,194.494384766,77.1516799927,6.40541887283,18.6378593445,317.096557617,0.0
1540323562775410696,274.864746094,194.494384766,77.1516799927,6.40541887283,18.6378593445,321.446380615,0.0
1540323562867345733,274.864746094,194.494384766,77.1516799927,6.40541887283,18.6378593445,325.94619751,0.0
1540323562970500833,274.864746094,194.694396973,77.2516784668,6.40541887283,18.6378593445,330.746002197,0.0
1540323563069975054,274.864746094,194.89440918,77.2516784668,6.40541887283,18.6378593445,335.095825195,0.0
1540323563163354826,274.864746094,195.094421387,77.2516784668,6.40541887283,18.6378593445,339.445648193,0.0
1540323563273407727,274.864746094,195.294433594,77.2516784668,6.40541887283,18.6378593445,343.945465088,0.0
1540323563370722092,274.864746094,195.694458008,77.3516769409,6.40541887283,18.6378593445,348.445281982,0.0
1540323563476593425,274.864746094,195.994476318,77.2516784668,6.40541887283,18.6378593445,353.095092773,0.0
1540323563569354801,274.864746094,196.494506836,77.0516815186,6.5554189682,18.6378593445,356.544952393,0.0
1540323563672378194,274.864746094,197.194549561,76.8516845703,6.5554189682,18.6378593445,358.494873047,0.0
1540323563770628024,274.864746094,198.59463501,76.8516845703,6.5554189682,18.6378593445,359.394836426,0.0
1540323563868638151,274.864746094,200.794769287,77.7516708374,6.40541887283,18.6378593445,359.694824219,0.0
1540323563971206614,274.864746094,203.194915771,79.8516387939,6.40541887283,18.6378593445,359.694824219,0.0
1540323564065565238,274.864746094,205.695068359,82.7515945435,6.40541887283,18.6378593445,359.694824219,0.0
1540323564167585652,274.964752197,207.99520874,85.9515457153,6.40541887283,18.6378593445,359.694824219,0.0
1540323564266048922,274.964752197,210.195343018,89.3514938354,6.25541877747,18.6378593445,359.694824219,0.0
1540323564359964032,275.064758301,212.295471191,92.6514434814,6.1054186821,18.6378593445,359.694824219,0.0
1540323564465227249,275.064758301,214.295593262,95.9513931274,6.1054186821,18.6378593445,359.694824219,0.0
1540323564571231590,275.064758301,216.295715332,98.9513473511,5.95541858673,18.6378593445,359.694824219,0.0
1540323564669696505,275.164764404,218.295837402,101.451309204,5.80541849136,18.6378593445,359.694824219,0.0
1540323564764791174,275.264770508,220.49597168,103.751274109,5.80541849136,18.6378593445,359.694824219,0.0
1540323564866347767,275.264770508,222.796112061,105.451248169,5.80541849136,18.6378593445,359.694824219,0.0
1540323564967821465,275.264770508,225.296264648,106.45123291,5.655418396,18.6378593445,359.694824219,0.0
1540323565066750030,275.264770508,227.89642334,106.751228333,5.655418396,18.6378593445,359.694824219,0.0
1540323565170358125,275.264770508,230.696594238,106.751228333,5.655418396,18.6378593445,359.694824219,0.0
1540323565266632234,275.264770508,233.096740723,106.751228333,5.655418396,18.6378593445,359.694824219,0.0
1540323565363183590,275.164764404,234.996856689,106.751228333,5.655418396,18.6378593445,359.694824219,0.0
1540323565467333492,274.964752197,237.697021484,106.651229858,5.655418396,18.6378593445,359.694824219,0.0
1540323565573558098,274.76473999,239.397125244,106.251235962,5.655418396,18.6378593445,359.694824219,0.0
1540323565669399534,274.46472168,240.597198486,105.751243591,5.655418396,18.6378593445,359.694824219,0.0
1540323565773200113,274.264709473,241.297241211,105.251251221,5.655418396,18.6378593445,359.694824219,0.0
1540323565872131772,274.264709473,241.697265625,104.651260376,5.655418396,18.6378593445,359.694824219,0.0
1540323565961471083,274.164703369,241.897277832,104.151268005,5.655418396,18.6378593445,359.694824219,0.0
1540323566074317946,274.064697266,241.897277832,103.551277161,5.80541849136,18.6378593445,359.694824219,0.0
1540323566175081495,274.064697266,241.797271729,102.751289368,5.80541849136,18.6378593445,359.694824219,0.0
1540323566270137916,274.064697266,241.297241211,101.35131073,5.80541849136,18.6378593445,359.694824219,0.0
1540323566374293980,274.064697266,239.797149658,99.1513442993,5.80541849136,18.6378593445,359.694824219,0.0
1540323566470373469,273.564666748,237.096984863,96.2513885498,5.80541849136,18.6378593445,359.694824219,0.0
1540323566573529809,272.964630127,233.796783447,93.0514373779,5.80541849136,18.6378593445,359.694824219,0.0
1540323566671592741,272.864624023,230.496582031,89.8514862061,5.95541858673,18.6378593445,359.694824219,0.0
1540323566765163727,272.864624023,227.496398926,86.7515335083,6.1054186821,18.6378593445,359.694824219,0.0
1540323566867902621,272.864624023,224.296203613,83.6515808105,6.1054186821,18.6378593445,359.694824219,0.0
1540323566968404558,272.76461792,221.196014404,80.4516296387,6.25541877747,18.6378593445,359.694824219,0.0
1540323567065261570,272.564605713,217.895812988,77.1516799927,6.40541887283,18.6378593445,359.694824219,0.0
1540323567172413421,272.464599609,214.595611572,73.8517303467,6.5554189682,18.6378593445,359.694824219,0.0
1540323567266429007,272.464599609,211.295410156,70.5517807007,6.5554189682,18.6378593445,359.694824219,0.0
1540323567370426388,272.464599609,208.095214844,67.3518295288,6.70541906357,18.6378593445,359.694824219,0.0
1540323567463326852,272.264587402,204.895019531,64.8518676758,6.85541915894,18.6378593445,359.694824219,0.0
1540323567570797632,272.164581299,201.894836426,63.0518951416,6.85541915894,18.6378593445,359.694824219,0.0
1540323567665591939,272.164581299,199.994720459,62.6519012451,6.85541915894,18.6378593445,359.694824219,0.0
1540323567768226521,272.164581299,198.794647217,63.9518814087,6.85541915894,18.6378593445,359.694824219,0.0
1540323567866191087,272.164581299,197.894592285,66.65184021,6.85541915894,18.6378593445,359.694824219,0.0
1540323567973983065,272.164581299,196.794525146,69.8517913818,6.85541915894,18.6378593445,359.694824219,0.0
1540323568076877803,272.264587402,195.394439697,73.251739502,6.70541906357,18.6378593445,359.694824219,0.0
1540323568166570844,272.364593506,194.094360352,75.9516983032,6.70541906357,18.6378593445,359.694824219,0.0
1540323568267376078,272.664611816,192.894287109,78.4516601562,6.70541906357,18.6378593445,359.694824219,0.0
1540323568371395733,272.864624023,191.994232178,79.8516387939,6.70541906357,18.6378593445,359.544830322,0.0
1540323568472509610,273.164642334,191.394195557,79.7516403198,6.70541906357,18.6378593445,358.494873047,0.0
1540323568571681152,273.264648438,190.994171143,78.1516647339,6.70541906357,18.6378593445,357.294921875,0.0
1540323568663248232,273.364654541,190.794158936,75.3517074585,6.70541906357,18.6378593445,357.294921875,0.0
1540323568772725810,273.364654541,190.794158936,73.0517425537,6.70541906357,18.6378593445,357.294921875,0.0
1540323568876897487,273.364654541,190.694152832,71.8517608643,6.70541906357,18.6378593445,357.294921875,0.0
1540323568963932162,273.364654541,190.694152832,71.1517715454,6.70541906357,18.6378593445,357.444915771,0.0
1540323569067937648,273.364654541,190.694152832,70.6517791748,6.70541906357,18.6378593445,357.894897461,0.0
1540323569174158508,273.364654541,190.694152832,70.3517837524,6.70541906357,18.6378593445,358.494873047,0.0
1540323569266546836,273.364654541,190.694152832,70.2517852783,6.70541906357,18.6378593445,359.094848633,0.0
1540323569363466652,273.364654541,190.694152832,70.2517852783,6.70541906357,18.6378593445,359.394836426,0.0
1540323569463311098,273.364654541,190.694152832,70.2517852783,6.70541906357,18.6378593445,359.394836426,0.0
1540323569568979655,273.364654541,190.694152832,70.2517852783,6.70541906357,18.6378593445,359.394836426,0.0
1540323569671745194,273.364654541,190.694152832,70.3517837524,6.70541906357,18.6378593445,359.394836426,0.0
1540323569779050657,273.364654541,190.694152832,70.5517807007,6.70541906357,18.6378593445,359.394836426,0.0
1540323569868200289,273.364654541,190.694152832,71.1517715454,6.70541906357,18.6378593445,359.394836426,0.0
1540323569973396100,273.364654541,190.694152832,72.5517501831,6.70541906357,18.6378593445,359.394836426,0.0
1540323570066973246,273.364654541,190.694152832,74.3517227173,6.70541906357,18.6378593445,359.394836426,0.0
1540323570164359761,273.364654541,190.694152832,76.2516937256,6.70541906357,18.6378593445,359.394836426,0.0
1540323570269551054,273.364654541,190.694152832,78.5516586304,6.70541906357,18.6378593445,358.194885254,0.0
1540323570367198075,273.364654541,190.694152832,80.3516311646,6.5554189682,18.6378593445,354.295043945,0.0
1540323570472633687,273.364654541,190.694152832,81.8516082764,6.5554189682,18.6378593445,349.795227051,0.0
1540323570571580757,273.364654541,190.694152832,82.8515930176,6.5554189682,18.6378593445,345.445404053,0.0
1540323570670165694,273.364654541,190.694152832,83.5515823364,6.5554189682,18.6378593445,341.245574951,0.0
1540323570770291148,273.364654541,190.694152832,84.051574707,6.5554189682,18.6378593445,336.59576416,0.0
1540323570862515949,273.364654541,190.694152832,84.3515701294,6.5554189682,18.6378593445,332.395935059,0.0
1540323570963699772,273.364654541,190.694152832,84.7515640259,6.5554189682,18.6378593445,328.49609375,0.0
1540323571065503550,273.364654541,190.694152832,85.3515548706,6.5554189682,18.6378593445,325.346221924,0.0
1540323571181779199,273.464660645,190.694152832,86.5515365601,6.40541887283,18.6378593445,323.39630127,0.0
1540323571264171002,273.464660645,190.694152832,88.3515090942,6.40541887283,18.6378593445,323.096313477,0.0
1540323571373811593,273.464660645,190.694152832,90.7514724731,6.25541877747,18.6378593445,323.246307373,0.0
1540323571470495621,273.464660645,190.694152832,93.2514343262,6.25541877747,18.6378593445,325.196228027,0.0
1540323571571580504,273.464660645,190.694152832,95.8513946533,6.1054186821,18.6378593445,329.396057129,0.0
1540323571666316410,273.464660645,190.694152832,98.3513565063,6.1054186821,18.6378593445,333.445892334,0.0
1540323571776789404,273.464660645,190.694152832,100.551322937,5.95541858673,18.6378593445,336.895751953,0.0
1540323571870306839,273.464660645,190.694152832,101.951301575,5.95541858673,18.6378593445,338.845672607,0.0
1540323571964685704,273.464660645,190.694152832,102.351295471,5.95541858673,18.6378593445,340.645599365,0.0
1540323572069154993,273.464660645,190.694152832,102.051300049,5.95541858673,18.6378593445,342.745513916,0.0
1540323572164134567,273.464660645,190.694152832,100.651321411,5.95541858673,18.6378593445,344.395446777,0.0
1540323572264658826,273.464660645,190.694152832,98.4513549805,6.1054186821,18.6378593445,346.345367432,0.0
1540323572364462934,273.464660645,190.694152832,95.8513946533,6.1054186821,18.6378593445,348.445281982,0.0
1540323572470337626,273.464660645,190.694152832,93.2514343262,6.1054186821,18.6378593445,350.24520874,0.0
1540323572564346651,273.464660645,190.694152832,91.6514587402,6.1054186821,18.6378593445,351.445159912,0.0
1540323572667598452,273.464660645,190.694152832,90.5514755249,6.1054186821,18.6378593445,351.745147705,0.0
1540323572766606727,273.464660645,190.694152832,89.5514907837,6.1054186821,18.6378593445,351.895141602,0.0
1540323572871186920,273.464660645,190.694152832,88.6515045166,6.1054186821,18.6378593445,352.195129395,0.0
1540323572965214060,273.464660645,190.694152832,88.0515136719,6.1054186821,18.6378593445,352.195129395,0.0
1540323573072451758,273.464660645,190.694152832,87.6515197754,6.1054186821,18.6378593445,352.345123291,0.0
1540323573171487161,273.464660645,190.694152832,87.351524353,6.1054186821,18.6378593445,352.79510498,0.0
1540323573259773558,273.464660645,190.694152832,87.2515258789,6.1054186821,18.6378593445,353.24508667,0.0
1540323573379971512,273.464660645,190.694152832,87.0515289307,6.1054186821,18.6378593445,353.845062256,0.0
1540323573468583968,273.464660645,190.694152832,86.8515319824,6.1054186821,18.6378593445,353.845062256,0.0
1540323573577674984,273.464660645,190.694152832,86.7515335083,6.1054186821,18.6378593445,354.145050049,0.0
1540323573673164160,273.464660645,190.694152832,86.7515335083,6.1054186821,18.6378593445,354.295043945,0.0
1540323573769162087,273.464660645,190.694152832,86.7515335083,6.1054186821,18.6378593445,354.295043945,0.0
1540323573875791266,273.464660645,190.694152832,86.7515335083,6.1054186821,18.6378593445,354.295043945,0.0
1540323573971923631,273.464660645,190.694152832,86.7515335083,6.1054186821,18.6378593445,354.445037842,0.0
1540323574074541672,273.464660645,190.694152832,86.7515335083,6.1054186821,18.6378593445,354.445037842,0.0
1540323574166211591,273.464660645,190.694152832,86.7515335083,6.1054186821,18.6378593445,354.445037842,0.0
1540323574270546309,273.464660645,190.694152832,86.7515335083,6.1054186821,18.6378593445,354.445037842,0.0
1540323574373355408,273.464660645,190.694152832,86.8515319824,6.1054186821,18.6378593445,354.445037842,0.0
1540323574462512732,273.464660645,190.694152832,87.0515289307,6.1054186821,18.6378593445,354.595031738,0.0
1540323574567979999,273.464660645,190.694152832,87.351524353,6.1054186821,18.6378593445,354.595031738,0.0
1540323574665176657,273.464660645,190.694152832,87.6515197754,6.1054186821,18.6378593445,354.595031738,0.0
1540323574769676741,273.464660645,190.694152832,87.8515167236,6.1054186821,18.6378593445,354.745025635,0.0
1540323574874511717,273.464660645,190.694152832,87.9515151978,6.1054186821,18.6378593445,355.045013428,0.0
1540323574962570188,273.464660645,190.694152832,87.9515151978,6.1054186821,18.6378593445,355.045013428,0.0
1540323575074165688,273.464660645,190.694152832,87.9515151978,6.1054186821,18.6378593445,355.045013428,0.0
1540323575171434664,273.464660645,190.694152832,87.9515151978,6.1054186821,18.6378593445,355.045013428,0.0
1540323575267379400,273.464660645,190.694152832,87.9515151978,6.1054186821,18.6378593445,355.045013428,0.0
1540323575367378669,273.464660645,190.694152832,87.9515151978,6.1054186821,18.6378593445,355.045013428,0.0
1540323575466394410,273.464660645,190.694152832,87.9515151978,6.1054186821,18.6378593445,355.045013428,0.0
1540323575569601350,273.464660645,190.694152832,88.0515136719,6.1054186821,18.6378593445,355.045013428,0.0
1540323575672111514,273.464660645,190.694152832,88.0515136719,6.1054186821,18.6378593445,355.045013428,0.0
1540323575762188040,273.464660645,190.694152832,88.0515136719,6.1054186821,18.6378593445,355.045013428,0.0
1540323575870434549,273.464660645,190.694152832,88.0515136719,6.1054186821,18.6378593445,355.045013428,0.0
1540323575967007670,273.464660645,190.694152832,88.0515136719,6.1054186821,18.6378593445,355.045013428,0.0
1540323576066695860,273.464660645,190.694152832,88.0515136719,6.1054186821,18.6378593445,355.045013428,0.0
1540323576171461748,273.464660645,190.694152832,88.0515136719,6.1054186821,18.6378593445,355.045013428,0.0
